dataset,frame_id,axis,vehicle_axis,level,unit,fov_ratio,pixel_shift_px,n_objects,inbox_in_all,inbox_total_all,inbox_in_near_0_15m,inbox_total_near_0_15m,inbox_in_mid_15_30m,inbox_total_mid_15_30m,inbox_in_far_30m_plus,inbox_total_far_30m_plus,edge_score,edge_margin
nuscenes_mini_subset,scene-0103_000,none,-,0.0,-,0.08587,0.0,0,0,0,0,0,0,0,0,0,0.24786,0.02417
nuscenes_mini_subset,scene-0103_000,yaw,yaw,0.25,deg,0.08581,6.42446,0,0,0,0,0,0,0,0,0,0.22944,0.01331
nuscenes_mini_subset,scene-0103_000,yaw,yaw,0.5,deg,0.08552,12.8534,0,0,0,0,0,0,0,0,0,0.20893,0.00264
nuscenes_mini_subset,scene-0103_000,yaw,yaw,1.0,deg,0.08515,25.72617,0,0,0,0,0,0,0,0,0,0.1963,-0.02064
nuscenes_mini_subset,scene-0103_000,yaw,yaw,2.0,deg,0.08443,51.54171,0,0,0,0,0,0,0,0,0,0.24157,0.01783
nuscenes_mini_subset,scene-0103_000,yaw,yaw,3.0,deg,0.08385,77.47062,0,0,0,0,0,0,0,0,0,0.22484,0.00481
nuscenes_mini_subset,scene-0103_000,pitch,roll,0.25,deg,0.08598,2.03712,0,0,0,0,0,0,0,0,0,0.24614,0.02195
nuscenes_mini_subset,scene-0103_000,pitch,roll,0.5,deg,0.0861,4.07417,0,0,0,0,0,0,0,0,0,0.24951,0.02332
nuscenes_mini_subset,scene-0103_000,pitch,roll,1.0,deg,0.08618,8.148,0,0,0,0,0,0,0,0,0,0.26168,0.03495
nuscenes_mini_subset,scene-0103_000,pitch,roll,2.0,deg,0.08615,16.29431,0,0,0,0,0,0,0,0,0,0.24153,0.00984
nuscenes_mini_subset,scene-0103_000,pitch,roll,3.0,deg,0.08624,24.4383,0,0,0,0,0,0,0,0,0,0.23547,0.01525
nuscenes_mini_subset,scene-0103_000,roll,pitch,0.25,deg,0.0865,5.89148,0,0,0,0,0,0,0,0,0,0.25741,0.03442
nuscenes_mini_subset,scene-0103_000,roll,pitch,0.5,deg,0.08705,11.77549,0,0,0,0,0,0,0,0,0,0.24918,0.03019
nuscenes_mini_subset,scene-0103_000,roll,pitch,1.0,deg,0.08987,23.52219,0,0,0,0,0,0,0,0,0,0.20609,-0.00298
nuscenes_mini_subset,scene-0103_000,roll,pitch,2.0,deg,0.09297,46.93805,0,0,0,0,0,0,0,0,0,0.17473,-0.01153
nuscenes_mini_subset,scene-0103_000,roll,pitch,3.0,deg,0.09651,70.26507,0,0,0,0,0,0,0,0,0,0.16328,0.00051
nuscenes_mini_subset,scene-0103_000,tx,lateral,0.02,m,0.08592,2.26616,0,0,0,0,0,0,0,0,0,0.24775,0.02247
nuscenes_mini_subset,scene-0103_000,tx,lateral,0.05,m,0.08592,5.66567,0,0,0,0,0,0,0,0,0,0.24318,0.02001
nuscenes_mini_subset,scene-0103_000,tx,lateral,0.1,m,0.08604,11.33222,0,0,0,0,0,0,0,0,0,0.24021,0.01687
nuscenes_mini_subset,scene-0103_000,tx,lateral,0.2,m,0.08604,22.66799,0,0,0,0,0,0,0,0,0,0.21599,0.00088
nuscenes_mini_subset,scene-0103_000,ty,forward,0.02,m,0.08624,0.84077,0,0,0,0,0,0,0,0,0,0.25025,0.02511
nuscenes_mini_subset,scene-0103_000,ty,forward,0.05,m,0.08664,2.09338,0,0,0,0,0,0,0,0,0,0.25234,0.02645
nuscenes_mini_subset,scene-0103_000,ty,forward,0.1,m,0.08725,4.15864,0,0,0,0,0,0,0,0,0,0.24573,0.02005
nuscenes_mini_subset,scene-0103_000,ty,forward,0.2,m,0.0907,8.2075,0,0,0,0,0,0,0,0,0,0.24385,0.0204
nuscenes_mini_subset,scene-0103_000,tz,up,0.02,m,0.08638,2.28829,0,0,0,0,0,0,0,0,0,0.25138,0.02579
nuscenes_mini_subset,scene-0103_000,tz,up,0.05,m,0.08699,5.71949,0,0,0,0,0,0,0,0,0,0.24786,0.02389
nuscenes_mini_subset,scene-0103_000,tz,up,0.1,m,0.08995,11.43484,0,0,0,0,0,0,0,0,0,0.25858,0.03389
nuscenes_mini_subset,scene-0103_000,tz,up,0.2,m,0.09651,22.85315,0,0,0,0,0,0,0,0,0,0.2391,0.01514
nuscenes_mini_subset,scene-0103_001,none,-,0.0,-,0.08784,0.0,1,20,20,20,20,0,0,0,0,0.19188,-0.00185
nuscenes_mini_subset,scene-0103_001,yaw,yaw,0.25,deg,0.0877,6.4289,1,20,20,20,20,0,0,0,0,0.18031,0.00088
nuscenes_mini_subset,scene-0103_001,yaw,yaw,0.5,deg,0.08752,12.86143,1,20,20,20,20,0,0,0,0,0.18427,0.00853
nuscenes_mini_subset,scene-0103_001,yaw,yaw,1.0,deg,0.08715,25.73886,1,20,20,20,20,0,0,0,0,0.18821,0.00197
nuscenes_mini_subset,scene-0103_001,yaw,yaw,2.0,deg,0.08663,51.55367,1,13,20,13,20,0,0,0,0,0.17579,-0.00252
nuscenes_mini_subset,scene-0103_001,yaw,yaw,3.0,deg,0.08631,77.46842,1,0,20,0,20,0,0,0,0,0.19844,0.00554
nuscenes_mini_subset,scene-0103_001,pitch,roll,0.25,deg,0.08784,2.04137,1,20,20,20,20,0,0,0,0,0.1943,0.00159
nuscenes_mini_subset,scene-0103_001,pitch,roll,0.5,deg,0.08798,4.08267,1,17,20,17,20,0,0,0,0,0.19998,0.00701
nuscenes_mini_subset,scene-0103_001,pitch,roll,1.0,deg,0.08801,8.16503,1,14,20,14,20,0,0,0,0,0.20889,0.01715
nuscenes_mini_subset,scene-0103_001,pitch,roll,2.0,deg,0.08807,16.3285,1,14,20,14,20,0,0,0,0,0.1923,0.0023
nuscenes_mini_subset,scene-0103_001,pitch,roll,3.0,deg,0.08804,24.48977,1,14,20,14,20,0,0,0,0,0.19194,0.01328
nuscenes_mini_subset,scene-0103_001,roll,pitch,0.25,deg,0.08839,5.88956,1,20,20,20,20,0,0,0,0,0.20742,0.01819
nuscenes_mini_subset,scene-0103_001,roll,pitch,0.5,deg,0.08896,11.77181,1,20,20,20,20,0,0,0,0,0.19316,0.00882
nuscenes_mini_subset,scene-0103_001,roll,pitch,1.0,deg,0.09173,23.51555,1,19,20,19,20,0,0,0,0,0.16493,-0.00149
nuscenes_mini_subset,scene-0103_001,roll,pitch,2.0,deg,0.09499,46.92763,1,18,20,18,20,0,0,0,0,0.15641,0.00139
nuscenes_mini_subset,scene-0103_001,roll,pitch,3.0,deg,0.09828,70.25371,1,14,20,14,20,0,0,0,0,0.15129,0.00414
nuscenes_mini_subset,scene-0103_001,tx,lateral,0.02,m,0.08787,2.20685,1,20,20,20,20,0,0,0,0,0.19396,0.00176
nuscenes_mini_subset,scene-0103_001,tx,lateral,0.05,m,0.08787,5.51738,1,19,20,19,20,0,0,0,0,0.19177,-0.00023
nuscenes_mini_subset,scene-0103_001,tx,lateral,0.1,m,0.08778,11.03566,1,17,20,17,20,0,0,0,0,0.17723,-0.0102
nuscenes_mini_subset,scene-0103_001,tx,lateral,0.2,m,0.08772,22.07487,1,13,20,13,20,0,0,0,0,0.16579,-0.01518
nuscenes_mini_subset,scene-0103_001,ty,forward,0.02,m,0.08816,0.8229,1,20,20,20,20,0,0,0,0,0.19264,0.00013
nuscenes_mini_subset,scene-0103_001,ty,forward,0.05,m,0.08853,2.04899,1,20,20,20,20,0,0,0,0,0.19291,0.00042
nuscenes_mini_subset,scene-0103_001,ty,forward,0.1,m,0.08908,4.07075,1,20,20,20,20,0,0,0,0,0.2018,0.01078
nuscenes_mini_subset,scene-0103_001,ty,forward,0.2,m,0.0924,8.03517,1,20,20,20,20,0,0,0,0,0.19194,0.00206
nuscenes_mini_subset,scene-0103_001,tz,up,0.02,m,0.08833,2.22837,1,20,20,20,20,0,0,0,0,0.19309,-0.00093
nuscenes_mini_subset,scene-0103_001,tz,up,0.05,m,0.08891,5.56971,1,20,20,20,20,0,0,0,0,0.20132,0.00795
nuscenes_mini_subset,scene-0103_001,tz,up,0.1,m,0.09193,11.13539,1,20,20,20,20,0,0,0,0,0.21151,0.02085
nuscenes_mini_subset,scene-0103_001,tz,up,0.2,m,0.09833,22.25472,1,20,20,20,20,0,0,0,0,0.2065,0.01562
nuscenes_mini_subset,scene-0103_002,none,-,0.0,-,0.08874,0.0,1,11,11,0,0,11,11,0,0,0.23977,0.01694
nuscenes_mini_subset,scene-0103_002,yaw,yaw,0.25,deg,0.08874,6.43787,1,11,11,0,0,11,11,0,0,0.23681,0.01189
nuscenes_mini_subset,scene-0103_002,yaw,yaw,0.5,deg,0.08857,12.8789,1,8,11,0,0,8,11,0,0,0.22414,-0.00011
nuscenes_mini_subset,scene-0103_002,yaw,yaw,1.0,deg,0.08837,25.77187,1,7,11,0,0,7,11,0,0,0.21735,-0.00189
nuscenes_mini_subset,scene-0103_002,yaw,yaw,2.0,deg,0.08776,51.61205,1,1,11,0,0,1,11,0,0,0.20716,-0.0016
nuscenes_mini_subset,scene-0103_002,yaw,yaw,3.0,deg,0.08728,77.54469,1,0,11,0,0,0,11,0,0,0.24423,0.01958
nuscenes_mini_subset,scene-0103_002,pitch,roll,0.25,deg,0.08886,2.07176,1,11,11,0,0,11,11,0,0,0.23417,0.01034
nuscenes_mini_subset,scene-0103_002,pitch,roll,0.5,deg,0.08906,4.14346,1,11,11,0,0,11,11,0,0,0.24187,0.01941
nuscenes_mini_subset,scene-0103_002,pitch,roll,1.0,deg,0.08912,8.28662,1,11,11,0,0,11,11,0,0,0.23532,0.01228
nuscenes_mini_subset,scene-0103_002,pitch,roll,2.0,deg,0.089,16.57176,1,9,11,0,0,9,11,0,0,0.22322,0.00213
nuscenes_mini_subset,scene-0103_002,pitch,roll,3.0,deg,0.08912,24.85476,1,9,11,0,0,9,11,0,0,0.23809,0.02422
nuscenes_mini_subset,scene-0103_002,roll,pitch,0.25,deg,0.08938,5.87137,1,11,11,0,0,11,11,0,0,0.25072,0.02877
nuscenes_mini_subset,scene-0103_002,roll,pitch,0.5,deg,0.08987,11.73569,1,11,11,0,0,11,11,0,0,0.2402,0.02399
nuscenes_mini_subset,scene-0103_002,roll,pitch,1.0,deg,0.09277,23.44423,1,11,11,0,0,11,11,0,0,0.21224,0.00403
nuscenes_mini_subset,scene-0103_002,roll,pitch,2.0,deg,0.09591,46.78863,1,11,11,0,0,11,11,0,0,0.18193,-0.00904
nuscenes_mini_subset,scene-0103_002,roll,pitch,3.0,deg,0.09942,70.05057,1,7,11,0,0,7,11,0,0,0.19338,0.00884
nuscenes_mini_subset,scene-0103_002,tx,lateral,0.02,m,0.0888,2.06999,1,11,11,0,0,11,11,0,0,0.24131,0.01697
nuscenes_mini_subset,scene-0103_002,tx,lateral,0.05,m,0.08869,5.17522,1,11,11,0,0,11,11,0,0,0.24605,0.01917
nuscenes_mini_subset,scene-0103_002,tx,lateral,0.1,m,0.08866,10.35124,1,11,11,0,0,11,11,0,0,0.23536,0.01558
nuscenes_mini_subset,scene-0103_002,tx,lateral,0.2,m,0.08866,20.70569,1,11,11,0,0,11,11,0,0,0.23586,0.01902
nuscenes_mini_subset,scene-0103_002,ty,forward,0.02,m,0.08903,0.78122,1,11,11,0,0,11,11,0,0,0.24429,0.01826
nuscenes_mini_subset,scene-0103_002,ty,forward,0.05,m,0.08938,1.94576,1,11,11,0,0,11,11,0,0,0.24961,0.02005
nuscenes_mini_subset,scene-0103_002,ty,forward,0.1,m,0.09001,3.86751,1,11,11,0,0,11,11,0,0,0.25248,0.0208
nuscenes_mini_subset,scene-0103_002,ty,forward,0.2,m,0.09355,7.64116,1,11,11,0,0,11,11,0,0,0.25477,0.02083
nuscenes_mini_subset,scene-0103_002,tz,up,0.02,m,0.08923,2.08966,1,11,11,0,0,11,11,0,0,0.24254,0.01835
nuscenes_mini_subset,scene-0103_002,tz,up,0.05,m,0.08987,5.2231,1,11,11,0,0,11,11,0,0,0.24505,0.02069
nuscenes_mini_subset,scene-0103_002,tz,up,0.1,m,0.0928,10.44269,1,11,11,0,0,11,11,0,0,0.25009,0.02677
nuscenes_mini_subset,scene-0103_002,tz,up,0.2,m,0.0991,20.87135,1,11,11,0,0,11,11,0,0,0.24353,0.01986
nuscenes_mini_subset,scene-0103_003,none,-,0.0,-,0.08929,0.0,2,27,27,15,15,12,12,0,0,0.29651,0.04715
nuscenes_mini_subset,scene-0103_003,yaw,yaw,0.25,deg,0.0892,6.44366,2,27,27,15,15,12,12,0,0,0.27297,0.03351
nuscenes_mini_subset,scene-0103_003,yaw,yaw,0.5,deg,0.08929,12.88962,2,27,27,15,15,12,12,0,0,0.24119,0.00896
nuscenes_mini_subset,scene-0103_003,yaw,yaw,1.0,deg,0.0894,25.78993,2,24,27,12,15,12,12,0,0,0.22638,0.00376
nuscenes_mini_subset,scene-0103_003,yaw,yaw,2.0,deg,0.08934,51.63462,2,14,27,3,15,11,12,0,0,0.19749,-0.01272
nuscenes_mini_subset,scene-0103_003,yaw,yaw,3.0,deg,0.08897,77.55819,2,6,27,0,15,6,12,0,0,0.2032,-0.01703
nuscenes_mini_subset,scene-0103_003,pitch,roll,0.25,deg,0.08937,2.06823,2,27,27,15,15,12,12,0,0,0.30516,0.06122
nuscenes_mini_subset,scene-0103_003,pitch,roll,0.5,deg,0.08946,4.13641,2,27,27,15,15,12,12,0,0,0.29075,0.04571
nuscenes_mini_subset,scene-0103_003,pitch,roll,1.0,deg,0.08946,8.27257,2,25,27,13,15,12,12,0,0,0.26363,0.01883
nuscenes_mini_subset,scene-0103_003,pitch,roll,2.0,deg,0.08929,16.54377,2,25,27,13,15,12,12,0,0,0.23107,-0.01016
nuscenes_mini_subset,scene-0103_003,pitch,roll,3.0,deg,0.08931,24.81297,2,25,27,13,15,12,12,0,0,0.22597,-0.0025
nuscenes_mini_subset,scene-0103_003,roll,pitch,0.25,deg,0.08992,5.87573,2,27,27,15,15,12,12,0,0,0.28546,0.03537
nuscenes_mini_subset,scene-0103_003,roll,pitch,0.5,deg,0.09035,11.74453,2,27,27,15,15,12,12,0,0,0.24008,-0.00541
nuscenes_mini_subset,scene-0103_003,roll,pitch,1.0,deg,0.09303,23.46246,2,25,27,15,15,10,12,0,0,0.23357,0.00227
nuscenes_mini_subset,scene-0103_003,roll,pitch,2.0,deg,0.09626,46.8273,2,24,27,14,15,10,12,0,0,0.2208,0.0052
nuscenes_mini_subset,scene-0103_003,roll,pitch,3.0,deg,0.09983,70.1119,2,18,27,10,15,8,12,0,0,0.20798,-0.00433
nuscenes_mini_subset,scene-0103_003,tx,lateral,0.02,m,0.08917,2.09933,2,27,27,15,15,12,12,0,0,0.29482,0.04314
nuscenes_mini_subset,scene-0103_003,tx,lateral,0.05,m,0.08911,5.24858,2,27,27,15,15,12,12,0,0,0.28087,0.03056
nuscenes_mini_subset,scene-0103_003,tx,lateral,0.1,m,0.08917,10.49801,2,27,27,15,15,12,12,0,0,0.26651,0.02561
nuscenes_mini_subset,scene-0103_003,tx,lateral,0.2,m,0.08908,20.99945,2,27,27,15,15,12,12,0,0,0.2643,0.02121
nuscenes_mini_subset,scene-0103_003,ty,forward,0.02,m,0.08952,0.78378,2,27,27,15,15,12,12,0,0,0.29686,0.05079
nuscenes_mini_subset,scene-0103_003,ty,forward,0.05,m,0.0898,1.95213,2,27,27,15,15,12,12,0,0,0.29463,0.05006
nuscenes_mini_subset,scene-0103_003,ty,forward,0.1,m,0.09047,3.88015,2,27,27,15,15,12,12,0,0,0.27906,0.03424
nuscenes_mini_subset,scene-0103_003,ty,forward,0.2,m,0.09366,7.66598,2,27,27,15,15,12,12,0,0,0.26469,0.0218
nuscenes_mini_subset,scene-0103_003,tz,up,0.02,m,0.08978,2.11902,2,27,27,15,15,12,12,0,0,0.29941,0.0468
nuscenes_mini_subset,scene-0103_003,tz,up,0.05,m,0.09041,5.29648,2,27,27,15,15,12,12,0,0,0.29651,0.04536
nuscenes_mini_subset,scene-0103_003,tz,up,0.1,m,0.09329,10.58937,2,27,27,15,15,12,12,0,0,0.29124,0.04147
nuscenes_mini_subset,scene-0103_003,tz,up,0.2,m,0.09963,21.16443,2,27,27,15,15,12,12,0,0,0.25395,0.01297
nuscenes_mini_subset,scene-0103_004,none,-,0.0,-,0.08803,0.0,3,79,79,69,69,10,10,0,0,0.2615,0.02407
nuscenes_mini_subset,scene-0103_004,yaw,yaw,0.25,deg,0.08789,6.46332,3,76,79,69,69,7,10,0,0,0.22831,0.00379
nuscenes_mini_subset,scene-0103_004,yaw,yaw,0.5,deg,0.08774,12.92885,3,72,79,69,69,3,10,0,0,0.21536,-0.00255
nuscenes_mini_subset,scene-0103_004,yaw,yaw,1.0,deg,0.08786,25.86804,3,68,79,68,69,0,10,0,0,0.22348,0.00236
nuscenes_mini_subset,scene-0103_004,yaw,yaw,2.0,deg,0.08812,51.78954,3,58,79,58,69,0,10,0,0,0.2374,0.00187
nuscenes_mini_subset,scene-0103_004,yaw,yaw,3.0,deg,0.08835,77.78881,3,47,79,47,69,0,10,0,0,0.25747,0.01839
nuscenes_mini_subset,scene-0103_004,pitch,roll,0.25,deg,0.08809,2.07195,3,79,79,69,69,10,10,0,0,0.25359,0.01107
nuscenes_mini_subset,scene-0103_004,pitch,roll,0.5,deg,0.08814,4.14383,3,79,79,69,69,10,10,0,0,0.2462,-0.00462
nuscenes_mini_subset,scene-0103_004,pitch,roll,1.0,deg,0.08812,8.2874,3,79,79,69,69,10,10,0,0,0.24493,-0.0075
nuscenes_mini_subset,scene-0103_004,pitch,roll,2.0,deg,0.088,16.57339,3,77,79,69,69,8,10,0,0,0.24905,0.01228
nuscenes_mini_subset,scene-0103_004,pitch,roll,3.0,deg,0.08823,24.85732,3,75,79,67,69,8,10,0,0,0.21355,-0.02187
nuscenes_mini_subset,scene-0103_004,roll,pitch,0.25,deg,0.08863,5.88873,3,79,79,69,69,10,10,0,0,0.26117,0.01659
nuscenes_mini_subset,scene-0103_004,roll,pitch,0.5,deg,0.08906,11.77046,3,79,79,69,69,10,10,0,0,0.22761,-0.00684
nuscenes_mini_subset,scene-0103_004,roll,pitch,1.0,deg,0.09182,23.51401,3,79,79,69,69,10,10,0,0,0.20103,-0.01529
nuscenes_mini_subset,scene-0103_004,roll,pitch,2.0,deg,0.09493,46.92923,3,71,79,63,69,8,10,0,0,0.20762,0.00773
nuscenes_mini_subset,scene-0103_004,roll,pitch,3.0,deg,0.09832,70.26312,3,64,79,59,69,5,10,0,0,0.22035,0.03088
nuscenes_mini_subset,scene-0103_004,tx,lateral,0.02,m,0.08794,2.25773,3,79,79,69,69,10,10,0,0,0.2623,0.02578
nuscenes_mini_subset,scene-0103_004,tx,lateral,0.05,m,0.08786,5.6446,3,79,79,69,69,10,10,0,0,0.25611,0.02538
nuscenes_mini_subset,scene-0103_004,tx,lateral,0.1,m,0.08783,11.29012,3,79,79,69,69,10,10,0,0,0.23461,0.01126
nuscenes_mini_subset,scene-0103_004,tx,lateral,0.2,m,0.08771,22.58397,3,78,79,68,69,10,10,0,0,0.22714,0.01261
nuscenes_mini_subset,scene-0103_004,ty,forward,0.02,m,0.08823,0.83712,3,79,79,69,69,10,10,0,0,0.26271,0.02845
nuscenes_mini_subset,scene-0103_004,ty,forward,0.05,m,0.08855,2.08476,3,79,79,69,69,10,10,0,0,0.25977,0.0285
nuscenes_mini_subset,scene-0103_004,ty,forward,0.1,m,0.08935,4.14305,3,79,79,69,69,10,10,0,0,0.25301,0.0244
nuscenes_mini_subset,scene-0103_004,ty,forward,0.2,m,0.0928,8.18257,3,79,79,69,69,10,10,0,0,0.24346,0.01487
nuscenes_mini_subset,scene-0103_004,tz,up,0.02,m,0.08849,2.27898,3,79,79,69,69,10,10,0,0,0.26091,0.02302
nuscenes_mini_subset,scene-0103_004,tz,up,0.05,m,0.08909,5.69621,3,79,79,69,69,10,10,0,0,0.25431,0.01127
nuscenes_mini_subset,scene-0103_004,tz,up,0.1,m,0.092,11.3883,3,79,79,69,69,10,10,0,0,0.24776,0.00414
nuscenes_mini_subset,scene-0103_004,tz,up,0.2,m,0.09823,22.76016,3,79,79,69,69,10,10,0,0,0.23946,-0.0017
nuscenes_mini_subset,scene-0103_005,none,-,0.0,-,0.0888,0.0,2,92,92,92,92,0,0,0,0,0.21668,0.00198
nuscenes_mini_subset,scene-0103_005,yaw,yaw,0.25,deg,0.08897,6.41992,2,90,92,90,92,0,0,0,0,0.20896,-0.00314
nuscenes_mini_subset,scene-0103_005,yaw,yaw,0.5,deg,0.08897,12.84057,2,89,92,89,92,0,0,0,0,0.18276,-0.00904
nuscenes_mini_subset,scene-0103_005,yaw,yaw,1.0,deg,0.08891,25.68553,2,83,92,83,92,0,0,0,0,0.18283,-0.00273
nuscenes_mini_subset,scene-0103_005,yaw,yaw,2.0,deg,0.08954,51.40038,2,65,92,65,92,0,0,0,0,0.21113,0.0123
nuscenes_mini_subset,scene-0103_005,yaw,yaw,3.0,deg,0.08992,77.1681,2,54,92,54,92,0,0,0,0,0.20804,0.01232
nuscenes_mini_subset,scene-0103_005,pitch,roll,0.25,deg,0.08885,1.99925,2,92,92,92,92,0,0,0,0,0.2211,0.01072
nuscenes_mini_subset,scene-0103_005,pitch,roll,0.5,deg,0.08894,3.99845,2,92,92,92,92,0,0,0,0,0.21515,0.0043
nuscenes_mini_subset,scene-0103_005,pitch,roll,1.0,deg,0.08903,7.99672,2,92,92,92,92,0,0,0,0,0.20744,-0.00456
nuscenes_mini_subset,scene-0103_005,pitch,roll,2.0,deg,0.08903,15.99237,2,91,92,91,92,0,0,0,0,0.20585,-0.00418
nuscenes_mini_subset,scene-0103_005,pitch,roll,3.0,deg,0.08908,23.98633,2,88,92,88,92,0,0,0,0,0.22482,0.01189
nuscenes_mini_subset,scene-0103_005,roll,pitch,0.25,deg,0.08934,5.90423,2,92,92,92,92,0,0,0,0,0.20715,0.0005
nuscenes_mini_subset,scene-0103_005,roll,pitch,0.5,deg,0.08969,11.80163,2,92,92,92,92,0,0,0,0,0.21734,0.02046
nuscenes_mini_subset,scene-0103_005,roll,pitch,1.0,deg,0.09266,23.57703,2,90,92,90,92,0,0,0,0,0.19559,0.00544
nuscenes_mini_subset,scene-0103_005,roll,pitch,2.0,deg,0.09603,47.05803,2,90,92,90,92,0,0,0,0,0.18364,0.00309
nuscenes_mini_subset,scene-0103_005,roll,pitch,3.0,deg,0.09908,70.46058,2,85,92,85,92,0,0,0,0,0.15087,-0.017
nuscenes_mini_subset,scene-0103_005,tx,lateral,0.02,m,0.0888,2.4658,2,92,92,92,92,0,0,0,0,0.21205,0.00017
nuscenes_mini_subset,scene-0103_005,tx,lateral,0.05,m,0.08868,6.16483,2,92,92,92,92,0,0,0,0,0.21449,0.00781
nuscenes_mini_subset,scene-0103_005,tx,lateral,0.1,m,0.08874,12.33079,2,92,92,92,92,0,0,0,0,0.21118,0.00691
nuscenes_mini_subset,scene-0103_005,tx,lateral,0.2,m,0.08848,24.6661,2,90,92,90,92,0,0,0,0,0.20135,0.00383
nuscenes_mini_subset,scene-0103_005,ty,forward,0.02,m,0.08906,0.89763,2,92,92,92,92,0,0,0,0,0.21727,0.00386
nuscenes_mini_subset,scene-0103_005,ty,forward,0.05,m,0.08946,2.23437,2,92,92,92,92,0,0,0,0,0.21567,0.00397
nuscenes_mini_subset,scene-0103_005,ty,forward,0.1,m,0.09018,4.43677,2,92,92,92,92,0,0,0,0,0.20665,-0.0012
nuscenes_mini_subset,scene-0103_005,ty,forward,0.2,m,0.09479,8.74886,2,92,92,92,92,0,0,0,0,0.20975,0.00433
nuscenes_mini_subset,scene-0103_005,tz,up,0.02,m,0.08929,2.48721,2,92,92,92,92,0,0,0,0,0.22555,0.01234
nuscenes_mini_subset,scene-0103_005,tz,up,0.05,m,0.09044,6.21661,2,92,92,92,92,0,0,0,0,0.22029,0.00847
nuscenes_mini_subset,scene-0103_005,tz,up,0.1,m,0.09297,12.42851,2,92,92,92,92,0,0,0,0,0.21342,0.00787
nuscenes_mini_subset,scene-0103_005,tz,up,0.2,m,0.09954,24.83821,2,90,92,90,92,0,0,0,0,0.21031,0.00625
nuscenes_mini_subset,scene-0103_006,none,-,0.0,-,0.09167,0.0,2,33,33,0,0,33,33,0,0,0.2732,0.05563
nuscenes_mini_subset,scene-0103_006,yaw,yaw,0.25,deg,0.0917,6.46545,2,33,33,0,0,33,33,0,0,0.2209,0.01697
nuscenes_mini_subset,scene-0103_006,yaw,yaw,0.5,deg,0.09176,12.93284,2,32,33,0,0,32,33,0,0,0.1678,-0.01761
nuscenes_mini_subset,scene-0103_006,yaw,yaw,1.0,deg,0.09176,25.87495,2,31,33,0,0,31,33,0,0,0.15299,-0.03289
nuscenes_mini_subset,scene-0103_006,yaw,yaw,2.0,deg,0.09176,51.79906,2,25,33,0,0,25,33,0,0,0.14768,-0.01447
nuscenes_mini_subset,scene-0103_006,yaw,yaw,3.0,deg,0.09176,77.79664,2,19,33,0,0,19,33,0,0,0.1538,0.00389
nuscenes_mini_subset,scene-0103_006,pitch,roll,0.25,deg,0.09176,2.0736,2,33,33,0,0,33,33,0,0,0.26585,0.04423
nuscenes_mini_subset,scene-0103_006,pitch,roll,0.5,deg,0.09188,4.14714,2,33,33,0,0,33,33,0,0,0.25034,0.02641
nuscenes_mini_subset,scene-0103_006,pitch,roll,1.0,deg,0.09188,8.29403,2,33,33,0,0,33,33,0,0,0.2322,0.00798
nuscenes_mini_subset,scene-0103_006,pitch,roll,2.0,deg,0.09173,16.58671,2,33,33,0,0,33,33,0,0,0.22129,0.01618
nuscenes_mini_subset,scene-0103_006,pitch,roll,3.0,deg,0.09176,24.87741,2,33,33,0,0,33,33,0,0,0.2052,0.00352
nuscenes_mini_subset,scene-0103_006,roll,pitch,0.25,deg,0.09231,5.88096,2,33,33,0,0,33,33,0,0,0.25416,0.03827
nuscenes_mini_subset,scene-0103_006,roll,pitch,0.5,deg,0.09271,11.75505,2,33,33,0,0,33,33,0,0,0.25993,0.04698
nuscenes_mini_subset,scene-0103_006,roll,pitch,1.0,deg,0.09554,23.48374,2,33,33,0,0,33,33,0,0,0.24022,0.02624
nuscenes_mini_subset,scene-0103_006,roll,pitch,2.0,deg,0.09885,46.87081,2,30,33,0,0,30,33,0,0,0.22163,0.01656
nuscenes_mini_subset,scene-0103_006,roll,pitch,3.0,deg,0.10194,70.17863,2,30,33,0,0,30,33,0,0,0.18883,0.00065
nuscenes_mini_subset,scene-0103_006,tx,lateral,0.02,m,0.09165,2.36263,2,33,33,0,0,33,33,0,0,0.26935,0.05076
nuscenes_mini_subset,scene-0103_006,tx,lateral,0.05,m,0.09159,5.90687,2,33,33,0,0,33,33,0,0,0.25316,0.03503
nuscenes_mini_subset,scene-0103_006,tx,lateral,0.1,m,0.09139,11.81473,2,33,33,0,0,33,33,0,0,0.2222,0.01654
nuscenes_mini_subset,scene-0103_006,tx,lateral,0.2,m,0.09139,23.6334,2,33,33,0,0,33,33,0,0,0.18929,-0.00315
nuscenes_mini_subset,scene-0103_006,ty,forward,0.02,m,0.09202,0.87225,2,33,33,0,0,33,33,0,0,0.27231,0.05509
nuscenes_mini_subset,scene-0103_006,ty,forward,0.05,m,0.09234,2.17191,2,33,33,0,0,33,33,0,0,0.26594,0.04964
nuscenes_mini_subset,scene-0103_006,ty,forward,0.1,m,0.09314,4.31512,2,33,33,0,0,33,33,0,0,0.24878,0.03469
nuscenes_mini_subset,scene-0103_006,ty,forward,0.2,m,0.09882,8.51813,2,33,33,0,0,33,33,0,0,0.22819,0.01964
nuscenes_mini_subset,scene-0103_006,tz,up,0.02,m,0.09216,2.3838,2,33,33,0,0,33,33,0,0,0.27758,0.05885
nuscenes_mini_subset,scene-0103_006,tz,up,0.05,m,0.09338,5.95815,2,33,33,0,0,33,33,0,0,0.26888,0.05168
nuscenes_mini_subset,scene-0103_006,tz,up,0.1,m,0.09568,11.91185,2,33,33,0,0,33,33,0,0,0.25596,0.04091
nuscenes_mini_subset,scene-0103_006,tz,up,0.2,m,0.10211,23.80589,2,33,33,0,0,33,33,0,0,0.25222,0.03859
nuscenes_mini_subset,scene-0103_007,none,-,0.0,-,0.09061,0.0,2,112,112,101,101,11,11,0,0,0.25564,0.04307
nuscenes_mini_subset,scene-0103_007,yaw,yaw,0.25,deg,0.09058,6.47625,2,112,112,101,101,11,11,0,0,0.24823,0.0338
nuscenes_mini_subset,scene-0103_007,yaw,yaw,0.5,deg,0.09055,12.95436,2,112,112,101,101,11,11,0,0,0.2497,0.04706
nuscenes_mini_subset,scene-0103_007,yaw,yaw,1.0,deg,0.09052,25.91766,2,110,112,100,101,10,11,0,0,0.19404,0.01279
nuscenes_mini_subset,scene-0103_007,yaw,yaw,2.0,deg,0.09049,51.88323,2,104,112,96,101,8,11,0,0,0.17945,0.01733
nuscenes_mini_subset,scene-0103_007,yaw,yaw,3.0,deg,0.09049,77.92114,2,99,112,91,101,8,11,0,0,0.19003,0.02377
nuscenes_mini_subset,scene-0103_007,pitch,roll,0.25,deg,0.09069,2.08827,2,112,112,101,101,11,11,0,0,0.24661,0.03816
nuscenes_mini_subset,scene-0103_007,pitch,roll,0.5,deg,0.09084,4.17648,2,112,112,101,101,11,11,0,0,0.24016,0.0306
nuscenes_mini_subset,scene-0103_007,pitch,roll,1.0,deg,0.09078,8.35272,2,112,112,101,101,11,11,0,0,0.2263,0.01785
nuscenes_mini_subset,scene-0103_007,pitch,roll,2.0,deg,0.09058,16.70412,2,112,112,101,101,11,11,0,0,0.21387,0.01443
nuscenes_mini_subset,scene-0103_007,pitch,roll,3.0,deg,0.09069,25.05356,2,102,112,97,101,5,11,0,0,0.19583,-0.00147
nuscenes_mini_subset,scene-0103_007,roll,pitch,0.25,deg,0.09124,5.8921,2,112,112,101,101,11,11,0,0,0.23256,0.02236
nuscenes_mini_subset,scene-0103_007,roll,pitch,0.5,deg,0.09193,11.77718,2,112,112,101,101,11,11,0,0,0.24168,0.03946
nuscenes_mini_subset,scene-0103_007,roll,pitch,1.0,deg,0.09464,23.52738,2,102,112,97,101,5,11,0,0,0.18184,-0.01054
nuscenes_mini_subset,scene-0103_007,roll,pitch,2.0,deg,0.09807,46.95571,2,100,112,95,101,5,11,0,0,0.20917,0.01581
nuscenes_mini_subset,scene-0103_007,roll,pitch,3.0,deg,0.10104,70.30252,2,97,112,92,101,5,11,0,0,0.21831,0.0318
nuscenes_mini_subset,scene-0103_007,tx,lateral,0.02,m,0.09064,2.44515,2,112,112,101,101,11,11,0,0,0.24762,0.03868
nuscenes_mini_subset,scene-0103_007,tx,lateral,0.05,m,0.09046,6.11319,2,112,112,101,101,11,11,0,0,0.23813,0.03017
nuscenes_mini_subset,scene-0103_007,tx,lateral,0.1,m,0.09035,12.22741,2,112,112,101,101,11,11,0,0,0.22801,0.02228
nuscenes_mini_subset,scene-0103_007,tx,lateral,0.2,m,0.09026,24.45893,2,112,112,101,101,11,11,0,0,0.22811,0.02618
nuscenes_mini_subset,scene-0103_007,ty,forward,0.02,m,0.09092,0.90756,2,112,112,101,101,11,11,0,0,0.2593,0.04743
nuscenes_mini_subset,scene-0103_007,ty,forward,0.05,m,0.09133,2.25948,2,112,112,101,101,11,11,0,0,0.25179,0.04116
nuscenes_mini_subset,scene-0103_007,ty,forward,0.1,m,0.09216,4.488,2,112,112,101,101,11,11,0,0,0.2414,0.03135
nuscenes_mini_subset,scene-0103_007,ty,forward,0.2,m,0.09802,8.85513,2,112,112,101,101,11,11,0,0,0.23014,0.02229
nuscenes_mini_subset,scene-0103_007,tz,up,0.02,m,0.0911,2.46629,2,112,112,101,101,11,11,0,0,0.24863,0.03705
nuscenes_mini_subset,scene-0103_007,tz,up,0.05,m,0.09254,6.16436,2,112,112,101,101,11,11,0,0,0.23903,0.02739
nuscenes_mini_subset,scene-0103_007,tz,up,0.1,m,0.09482,12.32418,2,112,112,101,101,11,11,0,0,0.26184,0.04841
nuscenes_mini_subset,scene-0103_007,tz,up,0.2,m,0.10142,24.63023,2,108,112,97,101,11,11,0,0,0.21343,0.00629
nuscenes_mini_subset,scene-0103_008,none,-,0.0,-,0.08548,0.0,2,109,109,61,61,48,48,0,0,0.21413,0.02512
nuscenes_mini_subset,scene-0103_008,yaw,yaw,0.25,deg,0.08551,6.4467,2,103,109,55,61,48,48,0,0,0.18072,-0.00072
nuscenes_mini_subset,scene-0103_008,yaw,yaw,0.5,deg,0.08554,12.89491,2,100,109,52,61,48,48,0,0,0.15174,-0.00966
nuscenes_mini_subset,scene-0103_008,yaw,yaw,1.0,deg,0.0856,25.79735,2,90,109,42,61,48,48,0,0,0.14091,-0.01386
nuscenes_mini_subset,scene-0103_008,yaw,yaw,2.0,deg,0.08577,51.63676,2,69,109,26,61,43,48,0,0,0.14626,-0.00515
nuscenes_mini_subset,scene-0103_008,yaw,yaw,3.0,deg,0.08586,77.54228,2,47,109,9,61,38,48,0,0,0.13837,-0.01638
nuscenes_mini_subset,scene-0103_008,pitch,roll,0.25,deg,0.08557,2.07322,2,109,109,61,61,48,48,0,0,0.20451,0.01713
nuscenes_mini_subset,scene-0103_008,pitch,roll,0.5,deg,0.08566,4.14639,2,109,109,61,61,48,48,0,0,0.20638,0.01852
nuscenes_mini_subset,scene-0103_008,pitch,roll,1.0,deg,0.0856,8.29254,2,105,109,57,61,48,48,0,0,0.19796,0.01033
nuscenes_mini_subset,scene-0103_008,pitch,roll,2.0,deg,0.08569,16.58386,2,104,109,56,61,48,48,0,0,0.19928,0.00986
nuscenes_mini_subset,scene-0103_008,pitch,roll,3.0,deg,0.08577,24.87331,2,103,109,55,61,48,48,0,0,0.18834,-0.00634
nuscenes_mini_subset,scene-0103_008,roll,pitch,0.25,deg,0.08606,5.89108,2,109,109,61,61,48,48,0,0,0.21413,0.02063
nuscenes_mini_subset,scene-0103_008,roll,pitch,0.5,deg,0.08646,11.77496,2,109,109,61,61,48,48,0,0,0.19291,0.00463
nuscenes_mini_subset,scene-0103_008,roll,pitch,1.0,deg,0.08931,23.52226,2,109,109,61,61,48,48,0,0,0.18843,0.0004
nuscenes_mini_subset,scene-0103_008,roll,pitch,2.0,deg,0.09257,46.94273,2,109,109,61,61,48,48,0,0,0.215,0.02612
nuscenes_mini_subset,scene-0103_008,roll,pitch,3.0,deg,0.09588,70.27892,2,99,109,61,61,38,48,0,0,0.19087,0.01223
nuscenes_mini_subset,scene-0103_008,tx,lateral,0.02,m,0.0854,2.34,2,109,109,61,61,48,48,0,0,0.20782,0.0194
nuscenes_mini_subset,scene-0103_008,tx,lateral,0.05,m,0.08537,5.85026,2,109,109,61,61,48,48,0,0,0.20171,0.01787
nuscenes_mini_subset,scene-0103_008,tx,lateral,0.1,m,0.08546,11.70141,2,108,109,60,61,48,48,0,0,0.19838,0.02032
nuscenes_mini_subset,scene-0103_008,tx,lateral,0.2,m,0.08563,23.40638,2,105,109,57,61,48,48,0,0,0.19782,0.01848
nuscenes_mini_subset,scene-0103_008,ty,forward,0.02,m,0.08577,0.87687,2,109,109,61,61,48,48,0,0,0.20892,0.02014
nuscenes_mini_subset,scene-0103_008,ty,forward,0.05,m,0.08618,2.18301,2,109,109,61,61,48,48,0,0,0.20303,0.0157
nuscenes_mini_subset,scene-0103_008,ty,forward,0.1,m,0.08698,4.33585,2,109,109,61,61,48,48,0,0,0.2039,0.02164
nuscenes_mini_subset,scene-0103_008,ty,forward,0.2,m,0.09182,8.55398,2,108,109,60,61,48,48,0,0,0.18348,0.00929
nuscenes_mini_subset,scene-0103_008,tz,up,0.02,m,0.08592,2.36123,2,109,109,61,61,48,48,0,0,0.21337,0.02275
nuscenes_mini_subset,scene-0103_008,tz,up,0.05,m,0.08643,5.90179,2,109,109,61,61,48,48,0,0,0.21193,0.02297
nuscenes_mini_subset,scene-0103_008,tz,up,0.1,m,0.08957,11.79929,2,109,109,61,61,48,48,0,0,0.21383,0.02344
nuscenes_mini_subset,scene-0103_008,tz,up,0.2,m,0.09608,23.58142,2,109,109,61,61,48,48,0,0,0.20477,0.01073
nuscenes_mini_subset,scene-0103_009,none,-,0.0,-,0.08767,0.0,3,87,87,58,58,29,29,0,0,0.1376,0.00111
nuscenes_mini_subset,scene-0103_009,yaw,yaw,0.25,deg,0.08773,6.45471,3,86,87,57,58,29,29,0,0,0.1225,-0.00064
nuscenes_mini_subset,scene-0103_009,yaw,yaw,0.5,deg,0.08756,12.91049,3,82,87,53,58,29,29,0,0,0.13796,0.01426
nuscenes_mini_subset,scene-0103_009,yaw,yaw,1.0,deg,0.0877,25.82673,3,77,87,49,58,28,29,0,0,0.11135,-0.0005
nuscenes_mini_subset,scene-0103_009,yaw,yaw,2.0,deg,0.08736,51.68852,3,65,87,40,58,25,29,0,0,0.11294,-0.00438
nuscenes_mini_subset,scene-0103_009,yaw,yaw,3.0,deg,0.08738,77.60954,3,50,87,30,58,20,29,0,0,0.10291,0.00313
nuscenes_mini_subset,scene-0103_009,pitch,roll,0.25,deg,0.08776,2.09158,3,87,87,58,58,29,29,0,0,0.13206,-0.00089
nuscenes_mini_subset,scene-0103_009,pitch,roll,0.5,deg,0.08782,4.18311,3,87,87,58,58,29,29,0,0,0.12777,-0.00404
nuscenes_mini_subset,scene-0103_009,pitch,roll,1.0,deg,0.08782,8.36601,3,87,87,58,58,29,29,0,0,0.13725,0.00525
nuscenes_mini_subset,scene-0103_009,pitch,roll,2.0,deg,0.08776,16.73086,3,87,87,58,58,29,29,0,0,0.13683,0.003
nuscenes_mini_subset,scene-0103_009,pitch,roll,3.0,deg,0.08782,25.09389,3,85,87,58,58,27,29,0,0,0.14087,0.00976
nuscenes_mini_subset,scene-0103_009,roll,pitch,0.25,deg,0.08828,5.877,3,87,87,58,58,29,29,0,0,0.12462,-0.0056
nuscenes_mini_subset,scene-0103_009,roll,pitch,0.5,deg,0.08877,11.74703,3,87,87,58,58,29,29,0,0,0.11112,-0.0135
nuscenes_mini_subset,scene-0103_009,roll,pitch,1.0,deg,0.09153,23.46733,3,85,87,58,58,27,29,0,0,0.11012,-0.00473
nuscenes_mini_subset,scene-0103_009,roll,pitch,2.0,deg,0.09464,46.83652,3,78,87,58,58,20,29,0,0,0.13515,0.01071
nuscenes_mini_subset,scene-0103_009,roll,pitch,3.0,deg,0.09801,70.12496,3,60,87,54,58,6,29,0,0,0.12792,0.00544
nuscenes_mini_subset,scene-0103_009,tx,lateral,0.02,m,0.08773,2.19721,3,87,87,58,58,29,29,0,0,0.14157,0.00572
nuscenes_mini_subset,scene-0103_009,tx,lateral,0.05,m,0.08759,5.49327,3,87,87,58,58,29,29,0,0,0.13725,0.0013
nuscenes_mini_subset,scene-0103_009,tx,lateral,0.1,m,0.08759,10.98735,3,87,87,58,58,29,29,0,0,0.12918,-0.00639
nuscenes_mini_subset,scene-0103_009,tx,lateral,0.2,m,0.08776,21.97794,3,87,87,58,58,29,29,0,0,0.14479,0.00443
nuscenes_mini_subset,scene-0103_009,ty,forward,0.02,m,0.08793,0.82277,3,87,87,58,58,29,29,0,0,0.14068,0.00488
nuscenes_mini_subset,scene-0103_009,ty,forward,0.05,m,0.08839,2.04898,3,87,87,58,58,29,29,0,0,0.14005,0.00487
nuscenes_mini_subset,scene-0103_009,ty,forward,0.1,m,0.08908,4.07177,3,87,87,58,58,29,29,0,0,0.13235,-0.00177
nuscenes_mini_subset,scene-0103_009,ty,forward,0.2,m,0.09271,8.04115,3,87,87,58,58,29,29,0,0,0.13001,-0.00206
nuscenes_mini_subset,scene-0103_009,tz,up,0.02,m,0.08819,2.21742,3,87,87,58,58,29,29,0,0,0.13599,-0.00062
nuscenes_mini_subset,scene-0103_009,tz,up,0.05,m,0.08874,5.5424,3,87,87,58,58,29,29,0,0,0.1294,-0.00737
nuscenes_mini_subset,scene-0103_009,tz,up,0.1,m,0.09171,11.08091,3,87,87,58,58,29,29,0,0,0.12558,-0.00835
nuscenes_mini_subset,scene-0103_009,tz,up,0.2,m,0.09801,22.14631,3,87,87,58,58,29,29,0,0,0.12703,0.00024
nuscenes_mini_subset,scene-0103_010,none,-,0.0,-,0.08986,0.0,3,78,78,0,0,78,78,0,0,0.14377,0.00183
nuscenes_mini_subset,scene-0103_010,yaw,yaw,0.25,deg,0.08992,6.47165,3,77,78,0,0,77,78,0,0,0.12891,-0.01221
nuscenes_mini_subset,scene-0103_010,yaw,yaw,0.5,deg,0.09003,12.94494,3,77,78,0,0,77,78,0,0,0.12362,-0.0063
nuscenes_mini_subset,scene-0103_010,yaw,yaw,1.0,deg,0.09001,25.898,3,74,78,0,0,74,78,0,0,0.13083,0.00196
nuscenes_mini_subset,scene-0103_010,yaw,yaw,2.0,deg,0.09003,51.84055,3,66,78,0,0,66,78,0,0,0.1292,0.00536
nuscenes_mini_subset,scene-0103_010,yaw,yaw,3.0,deg,0.09024,77.85205,3,57,78,0,0,57,78,0,0,0.11838,-0.00686
nuscenes_mini_subset,scene-0103_010,pitch,roll,0.25,deg,0.08998,2.09642,3,78,78,0,0,78,78,0,0,0.14639,0.00567
nuscenes_mini_subset,scene-0103_010,pitch,roll,0.5,deg,0.09009,4.1928,3,78,78,0,0,78,78,0,0,0.14827,0.00826
nuscenes_mini_subset,scene-0103_010,pitch,roll,1.0,deg,0.09018,8.38537,3,78,78,0,0,78,78,0,0,0.15167,0.01211
nuscenes_mini_subset,scene-0103_010,pitch,roll,2.0,deg,0.09001,16.76954,3,78,78,0,0,78,78,0,0,0.14717,0.00724
nuscenes_mini_subset,scene-0103_010,pitch,roll,3.0,deg,0.08998,25.15186,3,76,78,0,0,76,78,0,0,0.13817,-0.00534
nuscenes_mini_subset,scene-0103_010,roll,pitch,0.25,deg,0.09058,5.88286,3,78,78,0,0,78,78,0,0,0.13887,0.00092
nuscenes_mini_subset,scene-0103_010,roll,pitch,0.5,deg,0.09101,11.75884,3,78,78,0,0,78,78,0,0,0.14738,0.01435
nuscenes_mini_subset,scene-0103_010,roll,pitch,1.0,deg,0.09378,23.49124,3,78,78,0,0,78,78,0,0,0.13595,0.00398
nuscenes_mini_subset,scene-0103_010,roll,pitch,2.0,deg,0.09715,46.88556,3,69,78,0,0,69,78,0,0,0.13216,0.00454
nuscenes_mini_subset,scene-0103_010,roll,pitch,3.0,deg,0.1002,70.20041,3,49,78,0,0,49,78,0,0,0.11188,-0.00612
nuscenes_mini_subset,scene-0103_010,tx,lateral,0.02,m,0.08986,2.21972,3,78,78,0,0,78,78,0,0,0.1423,0.00027
nuscenes_mini_subset,scene-0103_010,tx,lateral,0.05,m,0.08975,5.54952,3,78,78,0,0,78,78,0,0,0.13484,-0.00466
nuscenes_mini_subset,scene-0103_010,tx,lateral,0.1,m,0.08966,11.09976,3,78,78,0,0,78,78,0,0,0.13128,0.00021
nuscenes_mini_subset,scene-0103_010,tx,lateral,0.2,m,0.08949,22.2024,3,78,78,0,0,78,78,0,0,0.11562,-0.00889
nuscenes_mini_subset,scene-0103_010,ty,forward,0.02,m,0.09015,0.82631,3,78,78,0,0,78,78,0,0,0.14291,0.00058
nuscenes_mini_subset,scene-0103_010,ty,forward,0.05,m,0.09055,2.05774,3,78,78,0,0,78,78,0,0,0.14072,-0.00107
nuscenes_mini_subset,scene-0103_010,ty,forward,0.1,m,0.09127,4.089,3,78,78,0,0,78,78,0,0,0.14091,-0.00046
nuscenes_mini_subset,scene-0103_010,ty,forward,0.2,m,0.09556,8.07454,3,78,78,0,0,78,78,0,0,0.14598,0.01003
nuscenes_mini_subset,scene-0103_010,tz,up,0.02,m,0.09038,2.23923,3,78,78,0,0,78,78,0,0,0.14112,0.00038
nuscenes_mini_subset,scene-0103_010,tz,up,0.05,m,0.09099,5.59692,3,78,78,0,0,78,78,0,0,0.14023,0.00168
nuscenes_mini_subset,scene-0103_010,tz,up,0.1,m,0.09401,11.18999,3,78,78,0,0,78,78,0,0,0.1387,0.00017
nuscenes_mini_subset,scene-0103_010,tz,up,0.2,m,0.1004,22.3646,3,78,78,0,0,78,78,0,0,0.13853,0.00019
nuscenes_mini_subset,scene-0103_011,none,-,0.0,-,0.08928,0.0,3,91,91,0,0,91,91,0,0,0.16428,0.00753
nuscenes_mini_subset,scene-0103_011,yaw,yaw,0.25,deg,0.08934,6.5073,3,91,91,0,0,91,91,0,0,0.14661,0.01054
nuscenes_mini_subset,scene-0103_011,yaw,yaw,0.5,deg,0.08931,13.01653,3,91,91,0,0,91,91,0,0,0.15224,0.01785
nuscenes_mini_subset,scene-0103_011,yaw,yaw,1.0,deg,0.08934,26.04229,3,87,91,0,0,87,91,0,0,0.11594,-0.00838
nuscenes_mini_subset,scene-0103_011,yaw,yaw,2.0,deg,0.08945,52.13378,3,76,91,0,0,76,91,0,0,0.12189,0.00628
nuscenes_mini_subset,scene-0103_011,yaw,yaw,3.0,deg,0.08945,78.29914,3,66,91,0,0,66,91,0,0,0.12207,0.0044
nuscenes_mini_subset,scene-0103_011,pitch,roll,0.25,deg,0.08937,2.07648,3,90,91,0,0,90,91,0,0,0.16632,0.00971
nuscenes_mini_subset,scene-0103_011,pitch,roll,0.5,deg,0.0894,4.1529,3,90,91,0,0,90,91,0,0,0.16827,0.00989
nuscenes_mini_subset,scene-0103_011,pitch,roll,1.0,deg,0.08954,8.30557,3,90,91,0,0,90,91,0,0,0.17168,0.01237
nuscenes_mini_subset,scene-0103_011,pitch,roll,2.0,deg,0.08928,16.60987,3,87,91,0,0,87,91,0,0,0.15733,0.00595
nuscenes_mini_subset,scene-0103_011,pitch,roll,3.0,deg,0.08943,24.91225,3,87,91,0,0,87,91,0,0,0.1459,0.00306
nuscenes_mini_subset,scene-0103_011,roll,pitch,0.25,deg,0.08986,5.92789,3,91,91,0,0,91,91,0,0,0.16969,0.01382
nuscenes_mini_subset,scene-0103_011,roll,pitch,0.5,deg,0.09032,11.84866,3,91,91,0,0,91,91,0,0,0.15501,0.00717
nuscenes_mini_subset,scene-0103_011,roll,pitch,1.0,deg,0.09312,23.67003,3,91,91,0,0,91,91,0,0,0.15643,0.01748
nuscenes_mini_subset,scene-0103_011,roll,pitch,2.0,deg,0.09643,47.23987,3,85,91,0,0,85,91,0,0,0.11601,-0.00583
nuscenes_mini_subset,scene-0103_011,roll,pitch,3.0,deg,0.09972,70.72729,3,65,91,0,0,65,91,0,0,0.13588,0.01388
nuscenes_mini_subset,scene-0103_011,tx,lateral,0.02,m,0.08922,2.37947,3,90,91,0,0,90,91,0,0,0.16664,0.0108
nuscenes_mini_subset,scene-0103_011,tx,lateral,0.05,m,0.08922,5.94892,3,90,91,0,0,90,91,0,0,0.16059,0.00786
nuscenes_mini_subset,scene-0103_011,tx,lateral,0.1,m,0.08908,11.89869,3,89,91,0,0,89,91,0,0,0.14059,-0.00327
nuscenes_mini_subset,scene-0103_011,tx,lateral,0.2,m,0.08888,23.80075,3,87,91,0,0,87,91,0,0,0.1348,-0.00967
nuscenes_mini_subset,scene-0103_011,ty,forward,0.02,m,0.08945,0.87559,3,91,91,0,0,91,91,0,0,0.16106,0.00484
nuscenes_mini_subset,scene-0103_011,ty,forward,0.05,m,0.09,2.17997,3,91,91,0,0,91,91,0,0,0.16102,0.00808
nuscenes_mini_subset,scene-0103_011,ty,forward,0.1,m,0.09081,4.33031,3,91,91,0,0,91,91,0,0,0.15599,0.00715
nuscenes_mini_subset,scene-0103_011,ty,forward,0.2,m,0.09453,8.54495,3,91,91,0,0,91,91,0,0,0.15198,0.00652
nuscenes_mini_subset,scene-0103_011,tz,up,0.02,m,0.08977,2.40081,3,91,91,0,0,91,91,0,0,0.16446,0.00928
nuscenes_mini_subset,scene-0103_011,tz,up,0.05,m,0.09041,6.00067,3,91,91,0,0,91,91,0,0,0.16887,0.01373
nuscenes_mini_subset,scene-0103_011,tz,up,0.1,m,0.0934,11.99683,3,91,91,0,0,91,91,0,0,0.1742,0.01907
nuscenes_mini_subset,scene-0103_011,tz,up,0.2,m,0.09978,23.97569,3,91,91,0,0,91,91,0,0,0.1769,0.02216
nuscenes_mini_subset,scene-0103_012,none,-,0.0,-,0.08715,0.0,3,119,119,0,0,119,119,0,0,0.13605,-0.00466
nuscenes_mini_subset,scene-0103_012,yaw,yaw,0.25,deg,0.08706,6.53099,3,119,119,0,0,119,119,0,0,0.16345,0.01712
nuscenes_mini_subset,scene-0103_012,yaw,yaw,0.5,deg,0.08695,13.06416,3,119,119,0,0,119,119,0,0,0.13646,-0.00048
nuscenes_mini_subset,scene-0103_012,yaw,yaw,1.0,deg,0.08706,26.13861,3,116,119,0,0,116,119,0,0,0.12653,0.00698
nuscenes_mini_subset,scene-0103_012,yaw,yaw,2.0,deg,0.08698,52.33079,3,109,119,0,0,109,119,0,0,0.11361,0.00051
nuscenes_mini_subset,scene-0103_012,yaw,yaw,3.0,deg,0.08686,78.60143,3,98,119,0,0,98,119,0,0,0.10774,-0.00133
nuscenes_mini_subset,scene-0103_012,pitch,roll,0.25,deg,0.08721,2.07928,3,119,119,0,0,119,119,0,0,0.12664,-0.009
nuscenes_mini_subset,scene-0103_012,pitch,roll,0.5,deg,0.08729,4.1585,3,119,119,0,0,119,119,0,0,0.12889,-0.00627
nuscenes_mini_subset,scene-0103_012,pitch,roll,1.0,deg,0.08729,8.31675,3,119,119,0,0,119,119,0,0,0.13006,-0.00114
nuscenes_mini_subset,scene-0103_012,pitch,roll,2.0,deg,0.08726,16.63217,3,119,119,0,0,119,119,0,0,0.13608,-0.00631
nuscenes_mini_subset,scene-0103_012,pitch,roll,3.0,deg,0.08721,24.94562,3,114,119,0,0,114,119,0,0,0.13768,-0.00532
nuscenes_mini_subset,scene-0103_012,roll,pitch,0.25,deg,0.08775,5.95634,3,119,119,0,0,119,119,0,0,0.13041,-0.00258
nuscenes_mini_subset,scene-0103_012,roll,pitch,0.5,deg,0.08819,11.90539,3,119,119,0,0,119,119,0,0,0.15028,0.0106
nuscenes_mini_subset,scene-0103_012,roll,pitch,1.0,deg,0.09101,23.78278,3,112,119,0,0,112,119,0,0,0.14419,0.01328
nuscenes_mini_subset,scene-0103_012,roll,pitch,2.0,deg,0.09436,47.46266,3,102,119,0,0,102,119,0,0,0.13048,0.00651
nuscenes_mini_subset,scene-0103_012,roll,pitch,3.0,deg,0.09756,71.05763,3,82,119,0,0,82,119,0,0,0.11781,-0.00962
nuscenes_mini_subset,scene-0103_012,tx,lateral,0.02,m,0.08709,2.39171,3,119,119,0,0,119,119,0,0,0.12865,-0.00803
nuscenes_mini_subset,scene-0103_012,tx,lateral,0.05,m,0.08706,5.97953,3,119,119,0,0,119,119,0,0,0.12144,-0.0124
nuscenes_mini_subset,scene-0103_012,tx,lateral,0.1,m,0.08703,11.95993,3,119,119,0,0,119,119,0,0,0.11731,-0.01483
nuscenes_mini_subset,scene-0103_012,tx,lateral,0.2,m,0.08683,23.92333,3,119,119,0,0,119,119,0,0,0.10953,-0.02906
nuscenes_mini_subset,scene-0103_012,ty,forward,0.02,m,0.08747,0.88296,3,119,119,0,0,119,119,0,0,0.13845,-0.0034
nuscenes_mini_subset,scene-0103_012,ty,forward,0.05,m,0.08778,2.19834,3,119,119,0,0,119,119,0,0,0.14321,0.00014
nuscenes_mini_subset,scene-0103_012,ty,forward,0.1,m,0.08845,4.36689,3,119,119,0,0,119,119,0,0,0.15626,0.01037
nuscenes_mini_subset,scene-0103_012,ty,forward,0.2,m,0.09225,8.61747,3,119,119,0,0,119,119,0,0,0.17251,0.01678
nuscenes_mini_subset,scene-0103_012,tz,up,0.02,m,0.08767,2.4134,3,119,119,0,0,119,119,0,0,0.14046,0.00205
nuscenes_mini_subset,scene-0103_012,tz,up,0.05,m,0.08819,6.03216,3,119,119,0,0,119,119,0,0,0.13437,-0.0021
nuscenes_mini_subset,scene-0103_012,tz,up,0.1,m,0.09127,12.05985,3,119,119,0,0,119,119,0,0,0.13703,-0.00139
nuscenes_mini_subset,scene-0103_012,tz,up,0.2,m,0.0977,24.10185,3,119,119,0,0,119,119,0,0,0.1321,-0.00391
nuscenes_mini_subset,scene-0103_013,none,-,0.0,-,0.08718,0.0,3,176,176,160,160,16,16,0,0,0.12351,-0.0072
nuscenes_mini_subset,scene-0103_013,yaw,yaw,0.25,deg,0.08706,6.53995,3,176,176,160,160,16,16,0,0,0.12254,-0.00714
nuscenes_mini_subset,scene-0103_013,yaw,yaw,0.5,deg,0.087,13.08196,3,176,176,160,160,16,16,0,0,0.1288,0.00278
nuscenes_mini_subset,scene-0103_013,yaw,yaw,1.0,deg,0.08689,26.17376,3,175,176,160,160,15,16,0,0,0.10637,-0.01881
nuscenes_mini_subset,scene-0103_013,yaw,yaw,2.0,deg,0.08689,52.39922,3,167,176,155,160,12,16,0,0,0.11805,0.00897
nuscenes_mini_subset,scene-0103_013,yaw,yaw,3.0,deg,0.08674,78.70133,3,155,176,147,160,8,16,0,0,0.10911,0.00079
nuscenes_mini_subset,scene-0103_013,pitch,roll,0.25,deg,0.08721,2.06348,3,176,176,160,160,16,16,0,0,0.11505,-0.01599
nuscenes_mini_subset,scene-0103_013,pitch,roll,0.5,deg,0.08726,4.12691,3,176,176,160,160,16,16,0,0,0.11673,-0.01721
nuscenes_mini_subset,scene-0103_013,pitch,roll,1.0,deg,0.08721,8.25357,3,176,176,160,160,16,16,0,0,0.12715,-0.01075
nuscenes_mini_subset,scene-0103_013,pitch,roll,2.0,deg,0.08718,16.50584,3,176,176,160,160,16,16,0,0,0.1424,0.00236
nuscenes_mini_subset,scene-0103_013,pitch,roll,3.0,deg,0.08723,24.75615,3,174,176,158,160,16,16,0,0,0.15446,0.01424
nuscenes_mini_subset,scene-0103_013,roll,pitch,0.25,deg,0.08781,5.97715,3,176,176,160,160,16,16,0,0,0.13582,0.00359
nuscenes_mini_subset,scene-0103_013,roll,pitch,0.5,deg,0.08833,11.94698,3,176,176,160,160,16,16,0,0,0.13749,0.00644
nuscenes_mini_subset,scene-0103_013,roll,pitch,1.0,deg,0.09116,23.86582,3,176,176,160,160,16,16,0,0,0.1271,0.00747
nuscenes_mini_subset,scene-0103_013,roll,pitch,2.0,deg,0.09444,47.62828,3,168,176,154,160,14,16,0,0,0.13191,0.01454
nuscenes_mini_subset,scene-0103_013,roll,pitch,3.0,deg,0.0975,71.30551,3,139,176,139,160,0,16,0,0,0.125,0.00931
nuscenes_mini_subset,scene-0103_013,tx,lateral,0.02,m,0.08706,2.40879,3,176,176,160,160,16,16,0,0,0.12469,-0.00589
nuscenes_mini_subset,scene-0103_013,tx,lateral,0.05,m,0.08706,6.02224,3,176,176,160,160,16,16,0,0,0.12463,-0.00417
nuscenes_mini_subset,scene-0103_013,tx,lateral,0.1,m,0.087,12.04537,3,176,176,160,160,16,16,0,0,0.12205,-0.00759
nuscenes_mini_subset,scene-0103_013,tx,lateral,0.2,m,0.08686,24.0943,3,175,176,160,160,15,16,0,0,0.10652,-0.02007
nuscenes_mini_subset,scene-0103_013,ty,forward,0.02,m,0.08747,0.8872,3,176,176,160,160,16,16,0,0,0.11964,-0.01111
nuscenes_mini_subset,scene-0103_013,ty,forward,0.05,m,0.08775,2.20887,3,176,176,160,160,16,16,0,0,0.12041,-0.01149
nuscenes_mini_subset,scene-0103_013,ty,forward,0.1,m,0.08853,4.38773,3,176,176,160,160,16,16,0,0,0.11766,-0.01288
nuscenes_mini_subset,scene-0103_013,ty,forward,0.2,m,0.09237,8.6583,3,176,176,160,160,16,16,0,0,0.10956,-0.021
nuscenes_mini_subset,scene-0103_013,tz,up,0.02,m,0.08767,2.43067,3,176,176,160,160,16,16,0,0,0.12703,-0.00496
nuscenes_mini_subset,scene-0103_013,tz,up,0.05,m,0.0883,6.07531,3,176,176,160,160,16,16,0,0,0.12657,-0.00447
nuscenes_mini_subset,scene-0103_013,tz,up,0.1,m,0.09133,12.1461,3,176,176,160,160,16,16,0,0,0.13742,0.00695
nuscenes_mini_subset,scene-0103_013,tz,up,0.2,m,0.09779,24.27415,3,176,176,160,160,16,16,0,0,0.12696,-0.00566
nuscenes_mini_subset,scene-0103_014,none,-,0.0,-,0.08678,0.0,3,287,287,261,261,26,26,0,0,0.1491,-0.00616
nuscenes_mini_subset,scene-0103_014,yaw,yaw,0.25,deg,0.08675,6.56708,3,287,287,261,261,26,26,0,0,0.13164,-0.01332
nuscenes_mini_subset,scene-0103_014,yaw,yaw,0.5,deg,0.08675,13.13645,3,287,287,261,261,26,26,0,0,0.13522,-0.00343
nuscenes_mini_subset,scene-0103_014,yaw,yaw,1.0,deg,0.08658,26.28362,3,282,287,258,261,24,26,0,0,0.12099,-0.02064
nuscenes_mini_subset,scene-0103_014,yaw,yaw,2.0,deg,0.08626,52.62259,3,267,287,249,261,18,26,0,0,0.13995,0.01282
nuscenes_mini_subset,scene-0103_014,yaw,yaw,3.0,deg,0.08635,79.04208,3,252,287,240,261,12,26,0,0,0.11755,-0.01634
nuscenes_mini_subset,scene-0103_014,pitch,roll,0.25,deg,0.08687,2.0601,3,287,287,261,261,26,26,0,0,0.1505,-0.00355
nuscenes_mini_subset,scene-0103_014,pitch,roll,0.5,deg,0.08698,4.12015,3,287,287,261,261,26,26,0,0,0.15207,-0.00145
nuscenes_mini_subset,scene-0103_014,pitch,roll,1.0,deg,0.08701,8.24005,3,287,287,261,261,26,26,0,0,0.14945,-0.0033
nuscenes_mini_subset,scene-0103_014,pitch,roll,2.0,deg,0.08695,16.47877,3,287,287,261,261,26,26,0,0,0.14453,-0.01099
nuscenes_mini_subset,scene-0103_014,pitch,roll,3.0,deg,0.08695,24.71553,3,271,287,245,261,26,26,0,0,0.1544,0.00076
nuscenes_mini_subset,scene-0103_014,roll,pitch,0.25,deg,0.08736,6.00992,3,287,287,261,261,26,26,0,0,0.17208,0.01442
nuscenes_mini_subset,scene-0103_014,roll,pitch,0.5,deg,0.08776,12.0124,3,287,287,261,261,26,26,0,0,0.18488,0.03343
nuscenes_mini_subset,scene-0103_014,roll,pitch,1.0,deg,0.09078,23.9962,3,287,287,261,261,26,26,0,0,0.14765,0.00769
nuscenes_mini_subset,scene-0103_014,roll,pitch,2.0,deg,0.09433,47.88726,3,265,287,240,261,25,26,0,0,0.14416,-0.0001
nuscenes_mini_subset,scene-0103_014,roll,pitch,3.0,deg,0.09749,71.69157,3,232,287,220,261,12,26,0,0,0.12642,0.00237
nuscenes_mini_subset,scene-0103_014,tx,lateral,0.02,m,0.08684,2.46629,3,287,287,261,261,26,26,0,0,0.14972,-0.00759
nuscenes_mini_subset,scene-0103_014,tx,lateral,0.05,m,0.08666,6.16601,3,287,287,261,261,26,26,0,0,0.1443,-0.00823
nuscenes_mini_subset,scene-0103_014,tx,lateral,0.1,m,0.08669,12.33293,3,287,287,261,261,26,26,0,0,0.15079,0.00573
nuscenes_mini_subset,scene-0103_014,tx,lateral,0.2,m,0.08658,24.66952,3,287,287,261,261,26,26,0,0,0.14115,-0.00514
nuscenes_mini_subset,scene-0103_014,ty,forward,0.02,m,0.0871,0.91182,3,287,287,261,261,26,26,0,0,0.15076,-0.0031
nuscenes_mini_subset,scene-0103_014,ty,forward,0.05,m,0.08756,2.27004,3,287,287,261,261,26,26,0,0,0.14532,-0.00938
nuscenes_mini_subset,scene-0103_014,ty,forward,0.1,m,0.08831,4.5088,3,287,287,261,261,26,26,0,0,0.14564,-0.01028
nuscenes_mini_subset,scene-0103_014,ty,forward,0.2,m,0.09225,8.89547,3,287,287,261,261,26,26,0,0,0.14251,-0.01412
nuscenes_mini_subset,scene-0103_014,tz,up,0.02,m,0.08727,2.48868,3,287,287,261,261,26,26,0,0,0.14896,-0.00457
nuscenes_mini_subset,scene-0103_014,tz,up,0.05,m,0.08787,6.2203,3,287,287,261,261,26,26,0,0,0.15451,6e-05
nuscenes_mini_subset,scene-0103_014,tz,up,0.1,m,0.09093,12.43591,3,287,287,261,261,26,26,0,0,0.17009,0.01564
nuscenes_mini_subset,scene-0103_014,tz,up,0.2,m,0.09729,24.85309,3,287,287,261,261,26,26,0,0,0.15528,-0.00475
nuscenes_mini_subset,scene-0103_015,none,-,0.0,-,0.08461,0.0,3,342,342,319,319,23,23,0,0,0.13771,-0.00122
nuscenes_mini_subset,scene-0103_015,yaw,yaw,0.25,deg,0.08473,6.6024,3,342,342,319,319,23,23,0,0,0.12452,-0.00513
nuscenes_mini_subset,scene-0103_015,yaw,yaw,0.5,deg,0.08478,13.20723,3,342,342,319,319,23,23,0,0,0.11409,-0.01514
nuscenes_mini_subset,scene-0103_015,yaw,yaw,1.0,deg,0.08484,26.4258,3,342,342,319,319,23,23,0,0,0.11789,-0.01212
nuscenes_mini_subset,scene-0103_015,yaw,yaw,2.0,deg,0.08484,52.9096,3,330,342,310,319,20,23,0,0,0.13267,0.00536
nuscenes_mini_subset,scene-0103_015,yaw,yaw,3.0,deg,0.08476,79.4769,3,316,342,299,319,17,23,0,0,0.12508,0.00751
nuscenes_mini_subset,scene-0103_015,pitch,roll,0.25,deg,0.0847,2.07439,3,342,342,319,319,23,23,0,0,0.13834,-0.00028
nuscenes_mini_subset,scene-0103_015,pitch,roll,0.5,deg,0.08476,4.14872,3,342,342,319,319,23,23,0,0,0.1379,-0.00183
nuscenes_mini_subset,scene-0103_015,pitch,roll,1.0,deg,0.08487,8.29719,3,342,342,319,319,23,23,0,0,0.13638,0.00144
nuscenes_mini_subset,scene-0103_015,pitch,roll,2.0,deg,0.08461,16.59302,3,342,342,319,319,23,23,0,0,0.12437,-0.00524
nuscenes_mini_subset,scene-0103_015,pitch,roll,3.0,deg,0.08473,24.88684,3,336,342,313,319,23,23,0,0,0.14379,0.01704
nuscenes_mini_subset,scene-0103_015,roll,pitch,0.25,deg,0.08525,6.04559,3,342,342,319,319,23,23,0,0,0.13872,0.00492
nuscenes_mini_subset,scene-0103_015,roll,pitch,0.5,deg,0.08568,12.0835,3,342,342,319,319,23,23,0,0,0.13571,0.00717
nuscenes_mini_subset,scene-0103_015,roll,pitch,1.0,deg,0.08862,24.13742,3,342,342,319,319,23,23,0,0,0.14108,0.01859
nuscenes_mini_subset,scene-0103_015,roll,pitch,2.0,deg,0.09214,48.16599,3,303,342,281,319,22,23,0,0,0.1193,0.00547
nuscenes_mini_subset,scene-0103_015,roll,pitch,3.0,deg,0.09536,72.10436,3,269,342,262,319,7,23,0,0,0.07907,-0.02323
nuscenes_mini_subset,scene-0103_015,tx,lateral,0.02,m,0.08473,2.50621,3,340,342,317,319,23,23,0,0,0.13265,-0.00422
nuscenes_mini_subset,scene-0103_015,tx,lateral,0.05,m,0.08464,6.2658,3,339,342,316,319,23,23,0,0,0.13716,0.00326
nuscenes_mini_subset,scene-0103_015,tx,lateral,0.1,m,0.08432,12.53254,3,334,342,311,319,23,23,0,0,0.13112,-0.00084
nuscenes_mini_subset,scene-0103_015,tx,lateral,0.2,m,0.08415,25.06883,3,327,342,304,319,23,23,0,0,0.13017,0.00382
nuscenes_mini_subset,scene-0103_015,ty,forward,0.02,m,0.08487,0.93058,3,342,342,319,319,23,23,0,0,0.1407,0.00125
nuscenes_mini_subset,scene-0103_015,ty,forward,0.05,m,0.08533,2.31669,3,342,342,319,319,23,23,0,0,0.14743,0.0087
nuscenes_mini_subset,scene-0103_015,ty,forward,0.1,m,0.08628,4.60127,3,342,342,319,319,23,23,0,0,0.14432,0.00596
nuscenes_mini_subset,scene-0103_015,ty,forward,0.2,m,0.08997,9.07716,3,342,342,319,319,23,23,0,0,0.13271,-0.0004
nuscenes_mini_subset,scene-0103_015,tz,up,0.02,m,0.08513,2.52896,3,342,342,319,319,23,23,0,0,0.14429,0.00797
nuscenes_mini_subset,scene-0103_015,tz,up,0.05,m,0.08571,6.32098,3,342,342,319,319,23,23,0,0,0.15087,0.01458
nuscenes_mini_subset,scene-0103_015,tz,up,0.1,m,0.08871,12.63724,3,342,342,319,319,23,23,0,0,0.15216,0.01436
nuscenes_mini_subset,scene-0103_015,tz,up,0.2,m,0.09508,25.25558,3,342,342,319,319,23,23,0,0,0.14282,0.00649
nuscenes_mini_subset,scene-0103_016,none,-,0.0,-,0.08499,0.0,2,306,308,306,308,0,0,0,0,0.12709,0.00379
nuscenes_mini_subset,scene-0103_016,yaw,yaw,0.25,deg,0.08482,6.61633,2,308,308,308,308,0,0,0,0,0.11659,-0.00407
nuscenes_mini_subset,scene-0103_016,yaw,yaw,0.5,deg,0.08474,13.23543,2,307,308,307,308,0,0,0,0,0.10872,-0.00503
nuscenes_mini_subset,scene-0103_016,yaw,yaw,1.0,deg,0.08468,26.48351,2,306,308,306,308,0,0,0,0,0.1176,0.00401
nuscenes_mini_subset,scene-0103_016,yaw,yaw,2.0,deg,0.08462,53.03038,2,294,308,294,308,0,0,0,0,0.08737,-0.02151
nuscenes_mini_subset,scene-0103_016,yaw,yaw,3.0,deg,0.08453,79.66631,2,279,308,279,308,0,0,0,0,0.11721,0.01246
nuscenes_mini_subset,scene-0103_016,pitch,roll,0.25,deg,0.08502,2.08965,2,307,308,307,308,0,0,0,0,0.12766,0.00575
nuscenes_mini_subset,scene-0103_016,pitch,roll,0.5,deg,0.08508,4.17924,2,308,308,308,308,0,0,0,0,0.12255,0.00348
nuscenes_mini_subset,scene-0103_016,pitch,roll,1.0,deg,0.08522,8.35821,2,308,308,308,308,0,0,0,0,0.11555,-0.00479
nuscenes_mini_subset,scene-0103_016,pitch,roll,2.0,deg,0.08514,16.71498,2,308,308,308,308,0,0,0,0,0.12921,0.00988
nuscenes_mini_subset,scene-0103_016,pitch,roll,3.0,deg,0.0852,25.06967,2,300,308,300,308,0,0,0,0,0.12047,0.00168
nuscenes_mini_subset,scene-0103_016,roll,pitch,0.25,deg,0.08563,6.04537,2,307,308,307,308,0,0,0,0,0.12847,0.01034
nuscenes_mini_subset,scene-0103_016,roll,pitch,0.5,deg,0.08606,12.08308,2,308,308,308,308,0,0,0,0,0.12529,0.01522
nuscenes_mini_subset,scene-0103_016,roll,pitch,1.0,deg,0.08911,24.13668,2,302,308,302,308,0,0,0,0,0.11392,0.0069
nuscenes_mini_subset,scene-0103_016,roll,pitch,2.0,deg,0.09263,48.16489,2,273,308,273,308,0,0,0,0,0.08984,-0.00316
nuscenes_mini_subset,scene-0103_016,roll,pitch,3.0,deg,0.09574,72.10329,2,242,308,242,308,0,0,0,0,0.08924,0.00082
nuscenes_mini_subset,scene-0103_016,tx,lateral,0.02,m,0.08499,2.44498,2,304,308,304,308,0,0,0,0,0.1199,-0.00243
nuscenes_mini_subset,scene-0103_016,tx,lateral,0.05,m,0.08502,6.11271,2,303,308,303,308,0,0,0,0,0.11954,0.0
nuscenes_mini_subset,scene-0103_016,tx,lateral,0.1,m,0.08499,12.2263,2,299,308,299,308,0,0,0,0,0.11654,0.00154
nuscenes_mini_subset,scene-0103_016,tx,lateral,0.2,m,0.08494,24.45616,2,291,308,291,308,0,0,0,0,0.11555,-0.00075
nuscenes_mini_subset,scene-0103_016,ty,forward,0.02,m,0.08528,0.90945,2,308,308,308,308,0,0,0,0,0.12398,0.00061
nuscenes_mini_subset,scene-0103_016,ty,forward,0.05,m,0.08574,2.26423,2,308,308,308,308,0,0,0,0,0.12314,0.00048
nuscenes_mini_subset,scene-0103_016,ty,forward,0.1,m,0.08635,4.49756,2,308,308,308,308,0,0,0,0,0.11663,-0.00467
nuscenes_mini_subset,scene-0103_016,ty,forward,0.2,m,0.09012,8.87441,2,308,308,308,308,0,0,0,0,0.11489,-0.01023
nuscenes_mini_subset,scene-0103_016,tz,up,0.02,m,0.08551,2.46739,2,306,308,306,308,0,0,0,0,0.13005,0.00803
nuscenes_mini_subset,scene-0103_016,tz,up,0.05,m,0.086,6.16712,2,307,308,307,308,0,0,0,0,0.1318,0.01039
nuscenes_mini_subset,scene-0103_016,tz,up,0.1,m,0.08908,12.32966,2,307,308,307,308,0,0,0,0,0.12666,0.00692
nuscenes_mini_subset,scene-0103_016,tz,up,0.2,m,0.09542,24.64107,2,293,308,293,308,0,0,0,0,0.11432,-0.00346
nuscenes_mini_subset,scene-0103_017,none,-,0.0,-,0.08468,0.0,3,280,281,253,254,27,27,0,0,0.15895,0.02601
nuscenes_mini_subset,scene-0103_017,yaw,yaw,0.25,deg,0.08474,6.61678,3,281,281,254,254,27,27,0,0,0.16224,0.02694
nuscenes_mini_subset,scene-0103_017,yaw,yaw,0.5,deg,0.08485,13.2363,3,281,281,254,254,27,27,0,0,0.15048,0.03518
nuscenes_mini_subset,scene-0103_017,yaw,yaw,1.0,deg,0.08433,26.48514,3,280,281,254,254,26,27,0,0,0.13332,0.02071
nuscenes_mini_subset,scene-0103_017,yaw,yaw,2.0,deg,0.08364,53.03326,3,266,281,245,254,21,27,0,0,0.11648,0.01889
nuscenes_mini_subset,scene-0103_017,yaw,yaw,3.0,deg,0.08358,79.67007,3,250,281,235,254,15,27,0,0,0.109,0.01263
nuscenes_mini_subset,scene-0103_017,pitch,roll,0.25,deg,0.08476,2.10039,3,281,281,254,254,27,27,0,0,0.1613,0.02383
nuscenes_mini_subset,scene-0103_017,pitch,roll,0.5,deg,0.08491,4.20073,3,281,281,254,254,27,27,0,0,0.15502,0.01454
nuscenes_mini_subset,scene-0103_017,pitch,roll,1.0,deg,0.08505,8.40118,3,281,281,254,254,27,27,0,0,0.14686,0.01229
nuscenes_mini_subset,scene-0103_017,pitch,roll,2.0,deg,0.08479,16.80092,3,281,281,254,254,27,27,0,0,0.13419,-0.00226
nuscenes_mini_subset,scene-0103_017,pitch,roll,3.0,deg,0.08485,25.19856,3,281,281,254,254,27,27,0,0,0.15652,0.01557
nuscenes_mini_subset,scene-0103_017,roll,pitch,0.25,deg,0.08537,6.03946,3,281,281,254,254,27,27,0,0,0.14912,0.01589
nuscenes_mini_subset,scene-0103_017,roll,pitch,0.5,deg,0.08577,12.07128,3,281,281,254,254,27,27,0,0,0.13221,0.00737
nuscenes_mini_subset,scene-0103_017,roll,pitch,1.0,deg,0.08874,24.1132,3,257,281,230,254,27,27,0,0,0.11533,-0.00447
nuscenes_mini_subset,scene-0103_017,roll,pitch,2.0,deg,0.09243,48.11837,3,246,281,220,254,26,27,0,0,0.10979,0.00155
nuscenes_mini_subset,scene-0103_017,roll,pitch,3.0,deg,0.09531,72.03416,3,207,281,194,254,13,27,0,0,0.09585,-0.00604
nuscenes_mini_subset,scene-0103_017,tx,lateral,0.02,m,0.08471,2.40037,3,278,281,251,254,27,27,0,0,0.16235,0.03051
nuscenes_mini_subset,scene-0103_017,tx,lateral,0.05,m,0.08474,6.00118,3,274,281,247,254,27,27,0,0,0.15828,0.02887
nuscenes_mini_subset,scene-0103_017,tx,lateral,0.1,m,0.08468,12.00325,3,269,281,242,254,27,27,0,0,0.15834,0.02927
nuscenes_mini_subset,scene-0103_017,tx,lateral,0.2,m,0.0845,24.01005,3,258,281,231,254,27,27,0,0,0.15697,0.02863
nuscenes_mini_subset,scene-0103_017,ty,forward,0.02,m,0.08497,0.89451,3,281,281,254,254,27,27,0,0,0.16096,0.02735
nuscenes_mini_subset,scene-0103_017,ty,forward,0.05,m,0.08548,2.2271,3,281,281,254,254,27,27,0,0,0.16514,0.03058
nuscenes_mini_subset,scene-0103_017,ty,forward,0.1,m,0.08626,4.42401,3,281,281,254,254,27,27,0,0,0.16911,0.03319
nuscenes_mini_subset,scene-0103_017,ty,forward,0.2,m,0.09012,8.73006,3,281,281,254,254,27,27,0,0,0.17143,0.03511
nuscenes_mini_subset,scene-0103_017,tz,up,0.02,m,0.08517,2.42265,3,280,281,253,254,27,27,0,0,0.16392,0.03036
nuscenes_mini_subset,scene-0103_017,tz,up,0.05,m,0.08571,6.05528,3,281,281,254,254,27,27,0,0,0.17302,0.04012
nuscenes_mini_subset,scene-0103_017,tz,up,0.1,m,0.08877,12.10608,3,281,281,254,254,27,27,0,0,0.16526,0.02959
nuscenes_mini_subset,scene-0103_017,tz,up,0.2,m,0.09513,24.19428,3,274,281,247,254,27,27,0,0,0.12954,-0.00356
nuscenes_mini_subset,scene-0103_018,none,-,0.0,-,0.08446,0.0,4,315,315,245,245,70,70,0,0,0.13127,0.01766
nuscenes_mini_subset,scene-0103_018,yaw,yaw,0.25,deg,0.08426,6.61591,4,315,315,245,245,70,70,0,0,0.14096,0.02186
nuscenes_mini_subset,scene-0103_018,yaw,yaw,0.5,deg,0.08409,13.23474,4,315,315,245,245,70,70,0,0,0.11759,0.00766
nuscenes_mini_subset,scene-0103_018,yaw,yaw,1.0,deg,0.08432,26.48273,4,313,315,245,245,68,70,0,0,0.12658,0.02119
nuscenes_mini_subset,scene-0103_018,yaw,yaw,2.0,deg,0.08406,53.03127,4,293,315,233,245,60,70,0,0,0.11791,0.01446
nuscenes_mini_subset,scene-0103_018,yaw,yaw,3.0,deg,0.08331,79.67136,4,265,315,215,245,50,70,0,0,0.09724,-0.01238
nuscenes_mini_subset,scene-0103_018,pitch,roll,0.25,deg,0.08446,2.1074,4,315,315,245,245,70,70,0,0,0.12527,0.00947
nuscenes_mini_subset,scene-0103_018,pitch,roll,0.5,deg,0.08449,4.21474,4,315,315,245,245,70,70,0,0,0.12354,0.00369
nuscenes_mini_subset,scene-0103_018,pitch,roll,1.0,deg,0.08458,8.4292,4,315,315,245,245,70,70,0,0,0.12924,0.01326
nuscenes_mini_subset,scene-0103_018,pitch,roll,2.0,deg,0.08452,16.85693,4,315,315,245,245,70,70,0,0,0.12411,0.00579
nuscenes_mini_subset,scene-0103_018,pitch,roll,3.0,deg,0.08458,25.28253,4,314,315,245,245,69,70,0,0,0.13017,0.00432
nuscenes_mini_subset,scene-0103_018,roll,pitch,0.25,deg,0.08501,6.03822,4,315,315,245,245,70,70,0,0,0.12683,0.01333
nuscenes_mini_subset,scene-0103_018,roll,pitch,0.5,deg,0.08544,12.06873,4,315,315,245,245,70,70,0,0,0.12533,0.01887
nuscenes_mini_subset,scene-0103_018,roll,pitch,1.0,deg,0.0884,24.10783,4,298,315,228,245,70,70,0,0,0.08788,-0.01193
nuscenes_mini_subset,scene-0103_018,roll,pitch,2.0,deg,0.09203,48.10656,4,280,315,213,245,67,70,0,0,0.08599,-0.00422
nuscenes_mini_subset,scene-0103_018,roll,pitch,3.0,deg,0.0951,72.01483,4,223,315,190,245,33,70,0,0,0.09897,0.00768
nuscenes_mini_subset,scene-0103_018,tx,lateral,0.02,m,0.08429,2.39074,4,311,315,241,245,70,70,0,0,0.12535,0.01825
nuscenes_mini_subset,scene-0103_018,tx,lateral,0.05,m,0.08438,5.97711,4,309,315,239,245,70,70,0,0,0.125,0.01893
nuscenes_mini_subset,scene-0103_018,tx,lateral,0.1,m,0.08429,11.95509,4,301,315,231,245,70,70,0,0,0.11971,0.01361
nuscenes_mini_subset,scene-0103_018,tx,lateral,0.2,m,0.08421,23.91365,4,287,315,217,245,70,70,0,0,0.13447,0.02538
nuscenes_mini_subset,scene-0103_018,ty,forward,0.02,m,0.08467,0.89189,4,315,315,245,245,70,70,0,0,0.13283,0.01734
nuscenes_mini_subset,scene-0103_018,ty,forward,0.05,m,0.08504,2.22062,4,315,315,245,245,70,70,0,0,0.13324,0.01673
nuscenes_mini_subset,scene-0103_018,ty,forward,0.1,m,0.08573,4.41128,4,315,315,245,245,70,70,0,0,0.13455,0.01713
nuscenes_mini_subset,scene-0103_018,ty,forward,0.2,m,0.08996,8.70553,4,315,315,245,245,70,70,0,0,0.13225,0.01929
nuscenes_mini_subset,scene-0103_018,tz,up,0.02,m,0.08492,2.41308,4,315,315,245,245,70,70,0,0,0.13527,0.02196
nuscenes_mini_subset,scene-0103_018,tz,up,0.05,m,0.0855,6.03137,4,315,315,245,245,70,70,0,0,0.14396,0.02894
nuscenes_mini_subset,scene-0103_018,tz,up,0.1,m,0.08855,12.05829,4,315,315,245,245,70,70,0,0,0.13624,0.0157
nuscenes_mini_subset,scene-0103_018,tz,up,0.2,m,0.09501,24.09887,4,307,315,237,245,70,70,0,0,0.11254,0.00265
nuscenes_mini_subset,scene-0103_019,none,-,0.0,-,0.08504,0.0,4,235,236,78,79,157,157,0,0,0.12044,-0.00389
nuscenes_mini_subset,scene-0103_019,yaw,yaw,0.25,deg,0.08472,6.58417,4,236,236,79,79,157,157,0,0,0.12743,-0.00158
nuscenes_mini_subset,scene-0103_019,yaw,yaw,0.5,deg,0.08478,13.17118,4,236,236,79,79,157,157,0,0,0.11689,-0.00064
nuscenes_mini_subset,scene-0103_019,yaw,yaw,1.0,deg,0.08469,26.35525,4,234,236,79,79,155,157,0,0,0.11251,0.00315
nuscenes_mini_subset,scene-0103_019,yaw,yaw,2.0,deg,0.08458,52.7747,4,219,236,74,79,145,157,0,0,0.11826,0.01997
nuscenes_mini_subset,scene-0103_019,yaw,yaw,3.0,deg,0.08432,79.28371,4,205,236,66,79,139,157,0,0,0.10748,-0.00131
nuscenes_mini_subset,scene-0103_019,pitch,roll,0.25,deg,0.08507,2.07521,4,236,236,79,79,157,157,0,0,0.1194,-0.00385
nuscenes_mini_subset,scene-0103_019,pitch,roll,0.5,deg,0.08518,4.15037,4,236,236,79,79,157,157,0,0,0.11824,-0.00645
nuscenes_mini_subset,scene-0103_019,pitch,roll,1.0,deg,0.0851,8.30045,4,236,236,79,79,157,157,0,0,0.12163,-0.00299
nuscenes_mini_subset,scene-0103_019,pitch,roll,2.0,deg,0.0849,16.59947,4,236,236,79,79,157,157,0,0,0.14549,0.01816
nuscenes_mini_subset,scene-0103_019,pitch,roll,3.0,deg,0.08487,24.8964,4,233,236,79,79,154,157,0,0,0.14812,0.0209
nuscenes_mini_subset,scene-0103_019,roll,pitch,0.25,deg,0.08564,6.02491,4,236,236,79,79,157,157,0,0,0.12815,0.01186
nuscenes_mini_subset,scene-0103_019,roll,pitch,0.5,deg,0.0861,12.04218,4,236,236,79,79,157,157,0,0,0.12365,0.00948
nuscenes_mini_subset,scene-0103_019,roll,pitch,1.0,deg,0.08909,24.05493,4,215,236,79,79,136,157,0,0,0.12152,0.01645
nuscenes_mini_subset,scene-0103_019,roll,pitch,2.0,deg,0.09266,48.00151,4,208,236,77,79,131,157,0,0,0.10237,-0.00585
nuscenes_mini_subset,scene-0103_019,roll,pitch,3.0,deg,0.0957,71.85826,4,162,236,76,79,86,157,0,0,0.10138,-0.00484
nuscenes_mini_subset,scene-0103_019,tx,lateral,0.02,m,0.08487,2.33576,4,232,236,75,79,157,157,0,0,0.1126,-0.00981
nuscenes_mini_subset,scene-0103_019,tx,lateral,0.05,m,0.08492,5.83965,4,230,236,73,79,157,157,0,0,0.11579,-0.0068
nuscenes_mini_subset,scene-0103_019,tx,lateral,0.1,m,0.08478,11.68012,4,226,236,69,79,157,157,0,0,0.11351,-0.00436
nuscenes_mini_subset,scene-0103_019,tx,lateral,0.2,m,0.08472,23.36355,4,217,236,61,79,156,157,0,0,0.10099,-0.01821
nuscenes_mini_subset,scene-0103_019,ty,forward,0.02,m,0.08536,0.86391,4,236,236,79,79,157,157,0,0,0.1237,-0.00162
nuscenes_mini_subset,scene-0103_019,ty,forward,0.05,m,0.08561,2.15109,4,236,236,79,79,157,157,0,0,0.12235,-0.00279
nuscenes_mini_subset,scene-0103_019,ty,forward,0.1,m,0.08642,4.27358,4,236,236,79,79,157,157,0,0,0.12332,-0.0023
nuscenes_mini_subset,scene-0103_019,ty,forward,0.2,m,0.09085,8.43537,4,236,236,79,79,157,157,0,0,0.12466,-0.0014
nuscenes_mini_subset,scene-0103_019,tz,up,0.02,m,0.0855,2.35776,4,235,236,78,79,157,157,0,0,0.12761,0.0036
nuscenes_mini_subset,scene-0103_019,tz,up,0.05,m,0.08605,5.89311,4,235,236,78,79,157,157,0,0,0.12819,0.00671
nuscenes_mini_subset,scene-0103_019,tz,up,0.1,m,0.08912,11.78198,4,236,236,79,79,157,157,0,0,0.12681,0.00658
nuscenes_mini_subset,scene-0103_019,tz,up,0.2,m,0.09553,23.54697,4,234,236,77,79,157,157,0,0,0.12773,0.00821
nuscenes_mini_subset,scene-0103_020,none,-,0.0,-,0.08604,0.0,5,225,225,174,174,41,41,10,10,0.12345,-6e-05
nuscenes_mini_subset,scene-0103_020,yaw,yaw,0.25,deg,0.08592,6.57164,5,225,225,174,174,41,41,10,10,0.1264,0.0118
nuscenes_mini_subset,scene-0103_020,yaw,yaw,0.5,deg,0.08581,13.14582,5,224,225,174,174,41,41,9,10,0.108,-0.00293
nuscenes_mini_subset,scene-0103_020,yaw,yaw,1.0,deg,0.08555,26.30335,5,221,225,174,174,40,41,7,10,0.13047,0.01428
nuscenes_mini_subset,scene-0103_020,yaw,yaw,2.0,deg,0.08532,52.66606,5,202,225,165,174,33,41,4,10,0.11978,0.01916
nuscenes_mini_subset,scene-0103_020,yaw,yaw,3.0,deg,0.08517,79.11339,5,177,225,147,174,30,41,0,10,0.09606,-0.01246
nuscenes_mini_subset,scene-0103_020,pitch,roll,0.25,deg,0.08618,2.07163,5,225,225,174,174,41,41,10,10,0.11922,-0.00248
nuscenes_mini_subset,scene-0103_020,pitch,roll,0.5,deg,0.0863,4.14321,5,225,225,174,174,41,41,10,10,0.11981,-0.0012
nuscenes_mini_subset,scene-0103_020,pitch,roll,1.0,deg,0.08627,8.28616,5,225,225,174,174,41,41,10,10,0.13472,0.01204
nuscenes_mini_subset,scene-0103_020,pitch,roll,2.0,deg,0.08607,16.57095,5,214,225,174,174,38,41,2,10,0.13551,0.01792
nuscenes_mini_subset,scene-0103_020,pitch,roll,3.0,deg,0.0861,24.85372,5,204,225,164,174,38,41,2,10,0.13194,0.00752
nuscenes_mini_subset,scene-0103_020,roll,pitch,0.25,deg,0.08676,6.01037,5,225,225,174,174,41,41,10,10,0.12234,0.00977
nuscenes_mini_subset,scene-0103_020,roll,pitch,0.5,deg,0.08716,12.01315,5,225,225,174,174,41,41,10,10,0.12239,0.01251
nuscenes_mini_subset,scene-0103_020,roll,pitch,1.0,deg,0.09027,23.9971,5,209,225,163,174,38,41,8,10,0.11679,0.01176
nuscenes_mini_subset,scene-0103_020,roll,pitch,2.0,deg,0.09387,47.88669,5,200,225,160,174,32,41,8,10,0.09661,-0.00256
nuscenes_mini_subset,scene-0103_020,roll,pitch,3.0,deg,0.09689,71.68716,5,166,225,144,174,22,41,0,10,0.09873,0.00968
nuscenes_mini_subset,scene-0103_020,tx,lateral,0.02,m,0.08612,2.31325,5,224,225,173,174,41,41,10,10,0.12878,0.00341
nuscenes_mini_subset,scene-0103_020,tx,lateral,0.05,m,0.08612,5.78336,5,220,225,169,174,41,41,10,10,0.12441,0.00091
nuscenes_mini_subset,scene-0103_020,tx,lateral,0.1,m,0.08615,11.56752,5,217,225,166,174,41,41,10,10,0.11755,0.00261
nuscenes_mini_subset,scene-0103_020,tx,lateral,0.2,m,0.0861,23.13821,5,208,225,158,174,41,41,9,10,0.10997,0.00028
nuscenes_mini_subset,scene-0103_020,ty,forward,0.02,m,0.08638,0.8576,5,225,225,174,174,41,41,10,10,0.12214,-0.00081
nuscenes_mini_subset,scene-0103_020,ty,forward,0.05,m,0.08673,2.13546,5,225,225,174,174,41,41,10,10,0.12243,0.00022
nuscenes_mini_subset,scene-0103_020,ty,forward,0.1,m,0.08748,4.24281,5,225,225,174,174,41,41,10,10,0.12476,0.00215
nuscenes_mini_subset,scene-0103_020,ty,forward,0.2,m,0.0928,8.37578,5,225,225,174,174,41,41,10,10,0.13149,0.00835
nuscenes_mini_subset,scene-0103_020,tz,up,0.02,m,0.08656,2.33497,5,225,225,174,174,41,41,10,10,0.12702,0.00479
nuscenes_mini_subset,scene-0103_020,tz,up,0.05,m,0.08713,5.83618,5,225,225,174,174,41,41,10,10,0.12794,0.00881
nuscenes_mini_subset,scene-0103_020,tz,up,0.1,m,0.09027,11.66818,5,225,225,174,174,41,41,10,10,0.13111,0.01631
nuscenes_mini_subset,scene-0103_020,tz,up,0.2,m,0.09671,23.31964,5,225,225,174,174,41,41,10,10,0.12044,0.01061
nuscenes_mini_subset,scene-0103_021,none,-,0.0,-,0.08621,0.0,5,213,213,154,154,38,38,21,21,0.11852,0.00397
nuscenes_mini_subset,scene-0103_021,yaw,yaw,0.25,deg,0.08627,6.56642,5,213,213,154,154,38,38,21,21,0.10812,0.00351
nuscenes_mini_subset,scene-0103_021,yaw,yaw,0.5,deg,0.0863,13.1351,5,212,213,154,154,38,38,20,21,0.09973,0.00173
nuscenes_mini_subset,scene-0103_021,yaw,yaw,1.0,deg,0.08595,26.28081,5,204,213,153,154,33,38,18,21,0.0925,-0.00592
nuscenes_mini_subset,scene-0103_021,yaw,yaw,2.0,deg,0.08549,52.61661,5,191,213,150,154,26,38,15,21,0.09181,-0.00186
nuscenes_mini_subset,scene-0103_021,yaw,yaw,3.0,deg,0.08517,79.03257,5,179,213,146,154,23,38,10,21,0.08658,-0.00064
nuscenes_mini_subset,scene-0103_021,pitch,roll,0.25,deg,0.08633,2.07418,5,213,213,154,154,38,38,21,21,0.12422,0.01146
nuscenes_mini_subset,scene-0103_021,pitch,roll,0.5,deg,0.08641,4.14831,5,213,213,154,154,38,38,21,21,0.12106,0.00652
nuscenes_mini_subset,scene-0103_021,pitch,roll,1.0,deg,0.08653,8.29636,5,213,213,154,154,38,38,21,21,0.12858,0.01251
nuscenes_mini_subset,scene-0103_021,pitch,roll,2.0,deg,0.0863,16.59139,5,197,213,144,154,32,38,21,21,0.13109,0.01517
nuscenes_mini_subset,scene-0103_021,pitch,roll,3.0,deg,0.0863,24.88444,5,188,213,143,154,32,38,13,21,0.12652,0.00821
nuscenes_mini_subset,scene-0103_021,roll,pitch,0.25,deg,0.08693,6.00479,5,213,213,154,154,38,38,21,21,0.11939,0.0081
nuscenes_mini_subset,scene-0103_021,roll,pitch,0.5,deg,0.08736,12.00203,5,213,213,154,154,38,38,21,21,0.11365,-0.00034
nuscenes_mini_subset,scene-0103_021,roll,pitch,1.0,deg,0.09035,23.97502,5,192,213,143,154,32,38,17,21,0.11158,0.01104
nuscenes_mini_subset,scene-0103_021,roll,pitch,2.0,deg,0.09401,47.84312,5,181,213,143,154,30,38,8,21,0.1111,0.00568
nuscenes_mini_subset,scene-0103_021,roll,pitch,3.0,deg,0.09706,71.62264,5,151,213,124,154,27,38,0,21,0.0911,-0.00433
nuscenes_mini_subset,scene-0103_021,tx,lateral,0.02,m,0.08624,2.30252,5,213,213,154,154,38,38,21,21,0.11787,0.00204
nuscenes_mini_subset,scene-0103_021,tx,lateral,0.05,m,0.08621,5.75653,5,213,213,154,154,38,38,21,21,0.10996,-0.00269
nuscenes_mini_subset,scene-0103_021,tx,lateral,0.1,m,0.08635,11.51386,5,213,213,154,154,38,38,21,21,0.10396,-0.00526
nuscenes_mini_subset,scene-0103_021,tx,lateral,0.2,m,0.08653,23.0309,5,211,213,154,154,37,38,20,21,0.10794,0.00884
nuscenes_mini_subset,scene-0103_021,ty,forward,0.02,m,0.08656,0.85699,5,213,213,154,154,38,38,21,21,0.1143,0.00242
nuscenes_mini_subset,scene-0103_021,ty,forward,0.05,m,0.08699,2.13407,5,213,213,154,154,38,38,21,21,0.11174,0.00171
nuscenes_mini_subset,scene-0103_021,ty,forward,0.1,m,0.08756,4.24048,5,213,213,154,154,38,38,21,21,0.11196,0.0014
nuscenes_mini_subset,scene-0103_021,ty,forward,0.2,m,0.09263,8.37283,5,213,213,154,154,38,38,21,21,0.11098,0.0027
nuscenes_mini_subset,scene-0103_021,tz,up,0.02,m,0.0867,2.32415,5,213,213,154,154,38,38,21,21,0.1204,0.00758
nuscenes_mini_subset,scene-0103_021,tz,up,0.05,m,0.08733,5.80913,5,213,213,154,154,38,38,21,21,0.11696,0.00648
nuscenes_mini_subset,scene-0103_021,tz,up,0.1,m,0.09038,11.61415,5,213,213,154,154,38,38,21,21,0.113,0.00434
nuscenes_mini_subset,scene-0103_021,tz,up,0.2,m,0.09677,23.21182,5,200,213,143,154,36,38,21,21,0.11574,0.00779
nuscenes_mini_subset,scene-0103_022,none,-,0.0,-,0.08469,0.0,3,189,189,163,163,0,0,26,26,0.09355,-0.00102
nuscenes_mini_subset,scene-0103_022,yaw,yaw,0.25,deg,0.08457,6.5473,3,187,189,161,163,0,0,26,26,0.0876,-0.00691
nuscenes_mini_subset,scene-0103_022,yaw,yaw,0.5,deg,0.08446,13.09654,3,185,189,159,163,0,0,26,26,0.07877,-0.0075
nuscenes_mini_subset,scene-0103_022,yaw,yaw,1.0,deg,0.08423,26.20236,3,179,189,156,163,0,0,23,26,0.08547,-0.00367
nuscenes_mini_subset,scene-0103_022,yaw,yaw,2.0,deg,0.08425,52.45427,3,166,189,148,163,0,0,18,26,0.08958,0.00462
nuscenes_mini_subset,scene-0103_022,yaw,yaw,3.0,deg,0.08466,78.78068,3,150,189,139,163,0,0,11,26,0.09631,0.00992
nuscenes_mini_subset,scene-0103_022,pitch,roll,0.25,deg,0.08477,2.06939,3,189,189,163,163,0,0,26,26,0.09415,-0.001
nuscenes_mini_subset,scene-0103_022,pitch,roll,0.5,deg,0.08489,4.13873,3,189,189,163,163,0,0,26,26,0.0929,-0.00369
nuscenes_mini_subset,scene-0103_022,pitch,roll,1.0,deg,0.08489,8.27722,3,188,189,162,163,0,0,26,26,0.10171,0.0065
nuscenes_mini_subset,scene-0103_022,pitch,roll,2.0,deg,0.08477,16.55314,3,188,189,162,163,0,0,26,26,0.09535,-0.00299
nuscenes_mini_subset,scene-0103_022,pitch,roll,3.0,deg,0.08486,24.82712,3,181,189,162,163,0,0,19,26,0.1038,-0.00432
nuscenes_mini_subset,scene-0103_022,roll,pitch,0.25,deg,0.08529,5.99882,3,189,189,163,163,0,0,26,26,0.09699,0.00564
nuscenes_mini_subset,scene-0103_022,roll,pitch,0.5,deg,0.08581,11.98991,3,188,189,163,163,0,0,25,26,0.09586,0.00597
nuscenes_mini_subset,scene-0103_022,roll,pitch,1.0,deg,0.08886,23.95006,3,186,189,163,163,0,0,23,26,0.08593,0.00608
nuscenes_mini_subset,scene-0103_022,roll,pitch,2.0,deg,0.09263,47.79035,3,166,189,153,163,0,0,13,26,0.07717,0.00023
nuscenes_mini_subset,scene-0103_022,roll,pitch,3.0,deg,0.09562,71.53916,3,158,189,153,163,0,0,5,26,0.08165,0.0055
nuscenes_mini_subset,scene-0103_022,tx,lateral,0.02,m,0.08469,2.31176,3,189,189,163,163,0,0,26,26,0.09683,0.0015
nuscenes_mini_subset,scene-0103_022,tx,lateral,0.05,m,0.08471,5.77966,3,189,189,163,163,0,0,26,26,0.09358,-0.00104
nuscenes_mini_subset,scene-0103_022,tx,lateral,0.1,m,0.08471,11.56014,3,189,189,163,163,0,0,26,26,0.10013,0.00969
nuscenes_mini_subset,scene-0103_022,tx,lateral,0.2,m,0.0848,23.12356,3,189,189,163,163,0,0,26,26,0.09527,0.00647
nuscenes_mini_subset,scene-0103_022,ty,forward,0.02,m,0.08503,0.86061,3,189,189,163,163,0,0,26,26,0.0963,0.00295
nuscenes_mini_subset,scene-0103_022,ty,forward,0.05,m,0.08529,2.14306,3,189,189,163,163,0,0,26,26,0.09828,0.00485
nuscenes_mini_subset,scene-0103_022,ty,forward,0.1,m,0.08601,4.25828,3,189,189,163,163,0,0,26,26,0.09533,0.00208
nuscenes_mini_subset,scene-0103_022,ty,forward,0.2,m,0.09148,8.40769,3,189,189,163,163,0,0,26,26,0.0983,0.00843
nuscenes_mini_subset,scene-0103_022,tz,up,0.02,m,0.08512,2.33391,3,189,189,163,163,0,0,26,26,0.09315,-0.00058
nuscenes_mini_subset,scene-0103_022,tz,up,0.05,m,0.08569,5.83353,3,189,189,163,163,0,0,26,26,0.09425,0.00216
nuscenes_mini_subset,scene-0103_022,tz,up,0.1,m,0.0888,11.66291,3,189,189,163,163,0,0,26,26,0.09948,0.00917
nuscenes_mini_subset,scene-0103_022,tz,up,0.2,m,0.09533,23.30929,3,189,189,163,163,0,0,26,26,0.1012,0.0142
nuscenes_mini_subset,scene-0103_023,none,-,0.0,-,0.08618,0.0,4,213,213,181,181,10,10,22,22,0.10954,0.00574
nuscenes_mini_subset,scene-0103_023,yaw,yaw,0.25,deg,0.08597,6.56522,4,207,213,175,181,10,10,22,22,0.11044,0.01284
nuscenes_mini_subset,scene-0103_023,yaw,yaw,0.5,deg,0.08597,13.13211,4,203,213,171,181,10,10,22,22,0.09684,0.00299
nuscenes_mini_subset,scene-0103_023,yaw,yaw,1.0,deg,0.08606,26.27245,4,191,213,164,181,9,10,18,22,0.09476,0.00337
nuscenes_mini_subset,scene-0103_023,yaw,yaw,2.0,deg,0.08603,52.59036,4,165,213,145,181,5,10,15,22,0.09131,-0.00049
nuscenes_mini_subset,scene-0103_023,yaw,yaw,3.0,deg,0.0858,78.97889,4,144,213,127,181,5,10,12,22,0.10454,0.01133
nuscenes_mini_subset,scene-0103_023,pitch,roll,0.25,deg,0.08626,2.08961,4,213,213,181,181,10,10,22,22,0.11553,0.01077
nuscenes_mini_subset,scene-0103_023,pitch,roll,0.5,deg,0.08626,4.17917,4,212,213,180,181,10,10,22,22,0.11892,0.01521
nuscenes_mini_subset,scene-0103_023,pitch,roll,1.0,deg,0.08626,8.35812,4,211,213,179,181,10,10,22,22,0.11766,0.01341
nuscenes_mini_subset,scene-0103_023,pitch,roll,2.0,deg,0.08612,16.71502,4,201,213,170,181,10,10,21,22,0.11401,0.00259
nuscenes_mini_subset,scene-0103_023,pitch,roll,3.0,deg,0.08615,25.07004,4,184,213,153,181,10,10,21,22,0.11023,-0.00311
nuscenes_mini_subset,scene-0103_023,roll,pitch,0.25,deg,0.08678,5.9945,4,213,213,181,181,10,10,22,22,0.11362,0.01669
nuscenes_mini_subset,scene-0103_023,roll,pitch,0.5,deg,0.08715,11.98147,4,212,213,181,181,10,10,21,22,0.10353,0.01139
nuscenes_mini_subset,scene-0103_023,roll,pitch,1.0,deg,0.09009,23.93401,4,211,213,181,181,10,10,20,22,0.07638,-0.01183
nuscenes_mini_subset,scene-0103_023,roll,pitch,2.0,deg,0.09372,47.76151,4,178,213,157,181,10,10,11,22,0.10165,0.01205
nuscenes_mini_subset,scene-0103_023,roll,pitch,3.0,deg,0.0968,71.50078,4,139,213,132,181,7,10,0,22,0.08904,0.00032
nuscenes_mini_subset,scene-0103_023,tx,lateral,0.02,m,0.08612,2.31835,4,213,213,181,181,10,10,22,22,0.10496,0.00387
nuscenes_mini_subset,scene-0103_023,tx,lateral,0.05,m,0.0862,5.7961,4,213,213,181,181,10,10,22,22,0.09829,-0.00288
nuscenes_mini_subset,scene-0103_023,tx,lateral,0.1,m,0.08612,11.593,4,213,213,181,181,10,10,22,22,0.09709,-0.00324
nuscenes_mini_subset,scene-0103_023,tx,lateral,0.2,m,0.08618,23.18916,4,209,213,181,181,8,10,20,22,0.09438,-0.00242
nuscenes_mini_subset,scene-0103_023,ty,forward,0.02,m,0.08641,0.86994,4,213,213,181,181,10,10,22,22,0.10888,0.00544
nuscenes_mini_subset,scene-0103_023,ty,forward,0.05,m,0.08684,2.16629,4,213,213,181,181,10,10,22,22,0.11286,0.00993
nuscenes_mini_subset,scene-0103_023,ty,forward,0.1,m,0.08747,4.30445,4,213,213,181,181,10,10,22,22,0.10922,0.00386
nuscenes_mini_subset,scene-0103_023,ty,forward,0.2,m,0.09202,8.49886,4,213,213,181,181,10,10,22,22,0.10995,0.0047
nuscenes_mini_subset,scene-0103_023,tz,up,0.02,m,0.08664,2.34014,4,213,213,181,181,10,10,22,22,0.10988,0.00744
nuscenes_mini_subset,scene-0103_023,tz,up,0.05,m,0.08724,5.8491,4,213,213,181,181,10,10,22,22,0.11467,0.01372
nuscenes_mini_subset,scene-0103_023,tz,up,0.1,m,0.09026,11.69403,4,213,213,181,181,10,10,22,22,0.12254,0.02384
nuscenes_mini_subset,scene-0103_023,tz,up,0.2,m,0.09657,23.37141,4,198,213,166,181,10,10,22,22,0.10595,0.00905
nuscenes_mini_subset,scene-0103_024,none,-,0.0,-,0.0851,0.0,6,177,177,120,120,18,18,39,39,0.12629,0.01949
nuscenes_mini_subset,scene-0103_024,yaw,yaw,0.25,deg,0.08501,6.54759,6,170,177,113,120,18,18,39,39,0.12025,0.01948
nuscenes_mini_subset,scene-0103_024,yaw,yaw,0.5,deg,0.08504,13.09625,6,165,177,108,120,18,18,39,39,0.11042,0.01048
nuscenes_mini_subset,scene-0103_024,yaw,yaw,1.0,deg,0.0851,26.19832,6,155,177,99,120,18,18,38,39,0.1073,0.00414
nuscenes_mini_subset,scene-0103_024,yaw,yaw,2.0,deg,0.08527,52.43229,6,129,177,81,120,18,18,30,39,0.10826,0.00731
nuscenes_mini_subset,scene-0103_024,yaw,yaw,3.0,deg,0.08522,78.72687,6,103,177,66,120,15,18,22,39,0.12604,0.02664
nuscenes_mini_subset,scene-0103_024,pitch,roll,0.25,deg,0.08516,2.08018,6,176,177,119,120,18,18,39,39,0.12564,0.01602
nuscenes_mini_subset,scene-0103_024,pitch,roll,0.5,deg,0.08527,4.16031,6,176,177,119,120,18,18,39,39,0.11877,0.00931
nuscenes_mini_subset,scene-0103_024,pitch,roll,1.0,deg,0.08536,8.32042,6,173,177,118,120,18,18,37,39,0.12048,0.00994
nuscenes_mini_subset,scene-0103_024,pitch,roll,2.0,deg,0.08525,16.63972,6,164,177,109,120,18,18,37,39,0.11844,0.00912
nuscenes_mini_subset,scene-0103_024,pitch,roll,3.0,deg,0.08516,24.95722,6,162,177,107,120,18,18,37,39,0.11589,0.00549
nuscenes_mini_subset,scene-0103_024,roll,pitch,0.25,deg,0.08568,5.9868,6,175,177,120,120,18,18,37,39,0.11459,0.00925
nuscenes_mini_subset,scene-0103_024,roll,pitch,0.5,deg,0.08617,11.96604,6,175,177,120,120,18,18,37,39,0.11145,0.00982
nuscenes_mini_subset,scene-0103_024,roll,pitch,1.0,deg,0.08914,23.90298,6,169,177,120,120,18,18,31,39,0.09229,-0.00176
nuscenes_mini_subset,scene-0103_024,roll,pitch,2.0,deg,0.09283,47.6988,6,153,177,112,120,18,18,23,39,0.09702,0.00746
nuscenes_mini_subset,scene-0103_024,roll,pitch,3.0,deg,0.09588,71.40567,6,121,177,101,120,18,18,2,39,0.08061,-0.002
nuscenes_mini_subset,scene-0103_024,tx,lateral,0.02,m,0.08504,2.31575,6,177,177,120,120,18,18,39,39,0.12497,0.01857
nuscenes_mini_subset,scene-0103_024,tx,lateral,0.05,m,0.0853,5.78961,6,176,177,120,120,18,18,38,39,0.12125,0.01704
nuscenes_mini_subset,scene-0103_024,tx,lateral,0.1,m,0.08522,11.58003,6,176,177,120,120,18,18,38,39,0.12056,0.01652
nuscenes_mini_subset,scene-0103_024,tx,lateral,0.2,m,0.0853,23.16328,6,175,177,120,120,18,18,37,39,0.1112,0.00889
nuscenes_mini_subset,scene-0103_024,ty,forward,0.02,m,0.08536,0.86553,6,177,177,120,120,18,18,39,39,0.12968,0.02308
nuscenes_mini_subset,scene-0103_024,ty,forward,0.05,m,0.08576,2.15526,6,177,177,120,120,18,18,39,39,0.12682,0.01949
nuscenes_mini_subset,scene-0103_024,ty,forward,0.1,m,0.08651,4.2823,6,177,177,120,120,18,18,39,39,0.12597,0.02031
nuscenes_mini_subset,scene-0103_024,ty,forward,0.2,m,0.09118,8.45428,6,177,177,120,120,18,18,39,39,0.1234,0.02
nuscenes_mini_subset,scene-0103_024,tz,up,0.02,m,0.08559,2.33738,6,177,177,120,120,18,18,39,39,0.12026,0.01296
nuscenes_mini_subset,scene-0103_024,tz,up,0.05,m,0.08614,5.84219,6,177,177,120,120,18,18,39,39,0.11912,0.01177
nuscenes_mini_subset,scene-0103_024,tz,up,0.1,m,0.08917,11.68023,6,177,177,120,120,18,18,39,39,0.12458,0.01496
nuscenes_mini_subset,scene-0103_024,tz,up,0.2,m,0.09551,23.34387,6,175,177,120,120,18,18,37,39,0.12087,0.01133
nuscenes_mini_subset,scene-0103_025,none,-,0.0,-,0.08478,0.0,5,85,85,13,13,62,62,10,10,0.11186,0.01402
nuscenes_mini_subset,scene-0103_025,yaw,yaw,0.25,deg,0.08499,6.54015,5,84,85,12,13,62,62,10,10,0.10909,0.01044
nuscenes_mini_subset,scene-0103_025,yaw,yaw,0.5,deg,0.08522,13.08121,5,83,85,11,13,62,62,10,10,0.09515,-0.0093
nuscenes_mini_subset,scene-0103_025,yaw,yaw,1.0,deg,0.08516,26.16759,5,74,85,6,13,58,62,10,10,0.0801,-0.01767
nuscenes_mini_subset,scene-0103_025,yaw,yaw,2.0,deg,0.0849,52.36824,5,56,85,0,13,46,62,10,10,0.08703,0.00032
nuscenes_mini_subset,scene-0103_025,yaw,yaw,3.0,deg,0.0849,78.62682,5,44,85,0,13,36,62,8,10,0.10423,0.00901
nuscenes_mini_subset,scene-0103_025,pitch,roll,0.25,deg,0.08484,2.08573,5,85,85,13,13,62,62,10,10,0.11804,0.01957
nuscenes_mini_subset,scene-0103_025,pitch,roll,0.5,deg,0.08493,4.17142,5,85,85,13,13,62,62,10,10,0.12292,0.02244
nuscenes_mini_subset,scene-0103_025,pitch,roll,1.0,deg,0.08499,8.34264,5,85,85,13,13,62,62,10,10,0.12919,0.02184
nuscenes_mini_subset,scene-0103_025,pitch,roll,2.0,deg,0.08487,16.68415,5,82,85,10,13,62,62,10,10,0.11794,0.00542
nuscenes_mini_subset,scene-0103_025,pitch,roll,3.0,deg,0.08507,25.02388,5,82,85,10,13,62,62,10,10,0.10733,-0.00314
nuscenes_mini_subset,scene-0103_025,roll,pitch,0.25,deg,0.08542,5.97563,5,85,85,13,13,62,62,10,10,0.12411,0.02342
nuscenes_mini_subset,scene-0103_025,roll,pitch,0.5,deg,0.08588,11.94377,5,85,85,13,13,62,62,10,10,0.10116,0.00688
nuscenes_mini_subset,scene-0103_025,roll,pitch,1.0,deg,0.08888,23.85874,5,74,85,10,13,58,62,6,10,0.07275,-0.01348
nuscenes_mini_subset,scene-0103_025,roll,pitch,2.0,deg,0.09242,47.61146,5,68,85,10,13,52,62,6,10,0.09246,0.00474
nuscenes_mini_subset,scene-0103_025,roll,pitch,3.0,deg,0.09557,71.27627,5,44,85,7,13,35,62,2,10,0.07835,-0.00166
nuscenes_mini_subset,scene-0103_025,tx,lateral,0.02,m,0.08484,2.30609,5,85,85,13,13,62,62,10,10,0.10914,0.0118
nuscenes_mini_subset,scene-0103_025,tx,lateral,0.05,m,0.08476,5.76547,5,85,85,13,13,62,62,10,10,0.11298,0.01392
nuscenes_mini_subset,scene-0103_025,tx,lateral,0.1,m,0.08473,11.53176,5,85,85,13,13,62,62,10,10,0.10804,0.01034
nuscenes_mini_subset,scene-0103_025,tx,lateral,0.2,m,0.08473,23.06677,5,84,85,13,13,61,62,10,10,0.10131,0.00538
nuscenes_mini_subset,scene-0103_025,ty,forward,0.02,m,0.0851,0.85571,5,85,85,13,13,62,62,10,10,0.11001,0.01271
nuscenes_mini_subset,scene-0103_025,ty,forward,0.05,m,0.08548,2.13092,5,85,85,13,13,62,62,10,10,0.10958,0.01024
nuscenes_mini_subset,scene-0103_025,ty,forward,0.1,m,0.08617,4.23432,5,85,85,13,13,62,62,10,10,0.11162,0.01374
nuscenes_mini_subset,scene-0103_025,ty,forward,0.2,m,0.09124,8.36106,5,85,85,13,13,62,62,10,10,0.10723,0.01147
nuscenes_mini_subset,scene-0103_025,tz,up,0.02,m,0.08527,2.32714,5,85,85,13,13,62,62,10,10,0.11588,0.01816
nuscenes_mini_subset,scene-0103_025,tz,up,0.05,m,0.08582,5.81662,5,85,85,13,13,62,62,10,10,0.1192,0.01788
nuscenes_mini_subset,scene-0103_025,tz,up,0.1,m,0.08888,11.62912,5,85,85,13,13,62,62,10,10,0.12497,0.02176
nuscenes_mini_subset,scene-0103_025,tz,up,0.2,m,0.09528,23.2418,5,82,85,10,13,62,62,10,10,0.1139,0.01296
nuscenes_mini_subset,scene-0103_026,none,-,0.0,-,0.08308,0.0,4,95,95,0,0,80,80,15,15,0.13843,0.01751
nuscenes_mini_subset,scene-0103_026,yaw,yaw,0.25,deg,0.0832,6.53609,4,94,95,0,0,79,80,15,15,0.12606,0.01338
nuscenes_mini_subset,scene-0103_026,yaw,yaw,0.5,deg,0.08326,13.07265,4,93,95,0,0,78,80,15,15,0.12388,0.01557
nuscenes_mini_subset,scene-0103_026,yaw,yaw,1.0,deg,0.08323,26.14876,4,90,95,0,0,75,80,15,15,0.11594,0.01104
nuscenes_mini_subset,scene-0103_026,yaw,yaw,2.0,deg,0.0832,52.32371,4,74,95,0,0,60,80,14,15,0.08442,-0.00989
nuscenes_mini_subset,scene-0103_026,yaw,yaw,3.0,deg,0.08308,78.54963,4,56,95,0,0,47,80,9,15,0.09818,0.00309
nuscenes_mini_subset,scene-0103_026,pitch,roll,0.25,deg,0.0832,2.08396,4,95,95,0,0,80,80,15,15,0.14389,0.01923
nuscenes_mini_subset,scene-0103_026,pitch,roll,0.5,deg,0.08329,4.16789,4,95,95,0,0,80,80,15,15,0.14016,0.01667
nuscenes_mini_subset,scene-0103_026,pitch,roll,1.0,deg,0.08343,8.33559,4,95,95,0,0,80,80,15,15,0.13822,0.01544
nuscenes_mini_subset,scene-0103_026,pitch,roll,2.0,deg,0.08323,16.67011,4,84,95,0,0,69,80,15,15,0.13724,0.01158
nuscenes_mini_subset,scene-0103_026,pitch,roll,3.0,deg,0.0832,25.00291,4,83,95,0,0,68,80,15,15,0.15126,0.02373
nuscenes_mini_subset,scene-0103_026,roll,pitch,0.25,deg,0.08372,5.97919,4,95,95,0,0,80,80,15,15,0.12381,0.01049
nuscenes_mini_subset,scene-0103_026,roll,pitch,0.5,deg,0.08424,11.9508,4,95,95,0,0,80,80,15,15,0.11447,0.00989
nuscenes_mini_subset,scene-0103_026,roll,pitch,1.0,deg,0.08715,23.87241,4,91,95,0,0,78,80,13,15,0.10675,0.00537
nuscenes_mini_subset,scene-0103_026,roll,pitch,2.0,deg,0.09049,47.63723,4,80,95,0,0,74,80,6,15,0.09033,-0.0025
nuscenes_mini_subset,scene-0103_026,roll,pitch,3.0,deg,0.09378,71.31264,4,59,95,0,0,53,80,6,15,0.08031,-0.00066
nuscenes_mini_subset,scene-0103_026,tx,lateral,0.02,m,0.08303,2.32834,4,95,95,0,0,80,80,15,15,0.13924,0.02003
nuscenes_mini_subset,scene-0103_026,tx,lateral,0.05,m,0.083,5.8211,4,95,95,0,0,80,80,15,15,0.14202,0.02446
nuscenes_mini_subset,scene-0103_026,tx,lateral,0.1,m,0.08311,11.64304,4,95,95,0,0,80,80,15,15,0.13905,0.02137
nuscenes_mini_subset,scene-0103_026,tx,lateral,0.2,m,0.08294,23.28943,4,94,95,0,0,79,80,15,15,0.13212,0.01769
nuscenes_mini_subset,scene-0103_026,ty,forward,0.02,m,0.08343,0.86707,4,95,95,0,0,80,80,15,15,0.1395,0.01861
nuscenes_mini_subset,scene-0103_026,ty,forward,0.05,m,0.08383,2.15917,4,95,95,0,0,80,80,15,15,0.14404,0.02222
nuscenes_mini_subset,scene-0103_026,ty,forward,0.1,m,0.08435,4.29035,4,95,95,0,0,80,80,15,15,0.14339,0.02011
nuscenes_mini_subset,scene-0103_026,ty,forward,0.2,m,0.08813,8.47127,4,95,95,0,0,80,80,15,15,0.13962,0.01864
nuscenes_mini_subset,scene-0103_026,tz,up,0.02,m,0.0836,2.34976,4,95,95,0,0,80,80,15,15,0.13923,0.02079
nuscenes_mini_subset,scene-0103_026,tz,up,0.05,m,0.08418,5.87314,4,95,95,0,0,80,80,15,15,0.13358,0.0151
nuscenes_mini_subset,scene-0103_026,tz,up,0.1,m,0.08718,11.74208,4,95,95,0,0,80,80,15,15,0.1306,0.01497
nuscenes_mini_subset,scene-0103_026,tz,up,0.2,m,0.09352,23.46737,4,95,95,0,0,80,80,15,15,0.12758,0.01952
nuscenes_mini_subset,scene-0103_027,none,-,0.0,-,0.08172,0.0,4,110,110,17,17,74,74,19,19,0.13316,0.00791
nuscenes_mini_subset,scene-0103_027,yaw,yaw,0.25,deg,0.08164,6.52351,4,110,110,17,17,74,74,19,19,0.1345,0.01106
nuscenes_mini_subset,scene-0103_027,yaw,yaw,0.5,deg,0.08143,13.04729,4,110,110,17,17,74,74,19,19,0.12257,0.0017
nuscenes_mini_subset,scene-0103_027,yaw,yaw,1.0,deg,0.08169,26.09718,4,107,110,17,17,71,74,19,19,0.11512,0.00499
nuscenes_mini_subset,scene-0103_027,yaw,yaw,2.0,deg,0.08238,52.21701,4,96,110,15,17,63,74,18,19,0.08259,-0.01409
nuscenes_mini_subset,scene-0103_027,yaw,yaw,3.0,deg,0.08267,78.38412,4,80,110,14,17,54,74,12,19,0.09002,-0.00483
nuscenes_mini_subset,scene-0103_027,pitch,roll,0.25,deg,0.08172,2.08655,4,110,110,17,17,74,74,19,19,0.14142,0.01639
nuscenes_mini_subset,scene-0103_027,pitch,roll,0.5,deg,0.08181,4.17306,4,110,110,17,17,74,74,19,19,0.14485,0.01913
nuscenes_mini_subset,scene-0103_027,pitch,roll,1.0,deg,0.08187,8.34595,4,110,110,17,17,74,74,19,19,0.14047,0.01444
nuscenes_mini_subset,scene-0103_027,pitch,roll,2.0,deg,0.08175,16.69087,4,110,110,17,17,74,74,19,19,0.13247,0.00897
nuscenes_mini_subset,scene-0103_027,pitch,roll,3.0,deg,0.08195,25.03411,4,104,110,15,17,70,74,19,19,0.11538,-0.01502
nuscenes_mini_subset,scene-0103_027,roll,pitch,0.25,deg,0.08224,5.97722,4,110,110,17,17,74,74,19,19,0.12517,0.00926
nuscenes_mini_subset,scene-0103_027,roll,pitch,0.5,deg,0.08276,11.94671,4,110,110,17,17,74,74,19,19,0.11858,0.00588
nuscenes_mini_subset,scene-0103_027,roll,pitch,1.0,deg,0.08566,23.86362,4,108,110,17,17,72,74,19,19,0.09506,-0.00492
nuscenes_mini_subset,scene-0103_027,roll,pitch,2.0,deg,0.08912,47.61722,4,86,110,15,17,61,74,10,19,0.08003,-0.01215
nuscenes_mini_subset,scene-0103_027,roll,pitch,3.0,deg,0.09231,71.27897,4,67,110,13,17,44,74,10,19,0.08112,0.00638
nuscenes_mini_subset,scene-0103_027,tx,lateral,0.02,m,0.08169,2.36338,4,110,110,17,17,74,74,19,19,0.13443,0.0102
nuscenes_mini_subset,scene-0103_027,tx,lateral,0.05,m,0.08169,5.90871,4,110,110,17,17,74,74,19,19,0.14182,0.01845
nuscenes_mini_subset,scene-0103_027,tx,lateral,0.1,m,0.08166,11.8183,4,110,110,17,17,74,74,19,19,0.13383,0.01319
nuscenes_mini_subset,scene-0103_027,tx,lateral,0.2,m,0.08149,23.64007,4,109,110,17,17,73,74,19,19,0.12605,0.00602
nuscenes_mini_subset,scene-0103_027,ty,forward,0.02,m,0.08192,0.88065,4,110,110,17,17,74,74,19,19,0.13595,0.01096
nuscenes_mini_subset,scene-0103_027,ty,forward,0.05,m,0.08224,2.19287,4,110,110,17,17,74,74,19,19,0.14014,0.01378
nuscenes_mini_subset,scene-0103_027,ty,forward,0.1,m,0.08287,4.35692,4,110,110,17,17,74,74,19,19,0.13854,0.01324
nuscenes_mini_subset,scene-0103_027,ty,forward,0.2,m,0.08693,8.60122,4,110,110,17,17,74,74,19,19,0.13524,0.01258
nuscenes_mini_subset,scene-0103_027,tz,up,0.02,m,0.08212,2.38489,4,110,110,17,17,74,74,19,19,0.13389,0.0094
nuscenes_mini_subset,scene-0103_027,tz,up,0.05,m,0.0827,5.96096,4,110,110,17,17,74,74,19,19,0.13697,0.01302
nuscenes_mini_subset,scene-0103_027,tz,up,0.1,m,0.08572,11.91769,4,110,110,17,17,74,74,19,19,0.13884,0.0181
nuscenes_mini_subset,scene-0103_027,tz,up,0.2,m,0.09202,23.81846,4,110,110,17,17,74,74,19,19,0.12798,0.01214
nuscenes_mini_subset,scene-0103_028,none,-,0.0,-,0.08039,0.0,4,125,125,0,0,102,102,23,23,0.11082,0.00315
nuscenes_mini_subset,scene-0103_028,yaw,yaw,0.25,deg,0.0805,6.50347,4,125,125,0,0,102,102,23,23,0.09839,-0.0052
nuscenes_mini_subset,scene-0103_028,yaw,yaw,0.5,deg,0.08053,13.00691,4,124,125,0,0,101,102,23,23,0.10142,-0.00214
nuscenes_mini_subset,scene-0103_028,yaw,yaw,1.0,deg,0.0807,26.01525,4,120,125,0,0,98,102,22,23,0.09059,-0.00673
nuscenes_mini_subset,scene-0103_028,yaw,yaw,2.0,deg,0.08085,52.04837,4,110,125,0,0,91,102,19,23,0.08746,-0.00153
nuscenes_mini_subset,scene-0103_028,yaw,yaw,3.0,deg,0.08119,78.12374,4,91,125,0,0,76,102,15,23,0.08144,-0.00366
nuscenes_mini_subset,scene-0103_028,pitch,roll,0.25,deg,0.08039,2.07492,4,125,125,0,0,102,102,23,23,0.11929,0.00647
nuscenes_mini_subset,scene-0103_028,pitch,roll,0.5,deg,0.08044,4.14982,4,125,125,0,0,102,102,23,23,0.12397,0.00929
nuscenes_mini_subset,scene-0103_028,pitch,roll,1.0,deg,0.08056,8.29947,4,125,125,0,0,102,102,23,23,0.11683,-0.00469
nuscenes_mini_subset,scene-0103_028,pitch,roll,2.0,deg,0.0805,16.59797,4,123,125,0,0,100,102,23,23,0.12421,-0.00276
nuscenes_mini_subset,scene-0103_028,pitch,roll,3.0,deg,0.08044,24.89485,4,112,125,0,0,89,102,23,23,0.13821,0.00315
nuscenes_mini_subset,scene-0103_028,roll,pitch,0.25,deg,0.08096,5.96844,4,125,125,0,0,102,102,23,23,0.09995,-0.00737
nuscenes_mini_subset,scene-0103_028,roll,pitch,0.5,deg,0.08142,11.92911,4,123,125,0,0,100,102,23,23,0.10064,-0.00988
nuscenes_mini_subset,scene-0103_028,roll,pitch,1.0,deg,0.08427,23.82826,4,117,125,0,0,94,102,23,23,0.08884,-0.01785
nuscenes_mini_subset,scene-0103_028,roll,pitch,2.0,deg,0.08747,47.54586,4,95,125,0,0,84,102,11,23,0.10503,0.0037
nuscenes_mini_subset,scene-0103_028,roll,pitch,3.0,deg,0.09081,71.17086,4,73,125,0,0,69,102,4,23,0.10166,-0.00198
nuscenes_mini_subset,scene-0103_028,tx,lateral,0.02,m,0.08041,2.31475,4,125,125,0,0,102,102,23,23,0.11438,0.00488
nuscenes_mini_subset,scene-0103_028,tx,lateral,0.05,m,0.08027,5.78713,4,125,125,0,0,102,102,23,23,0.11391,0.00269
nuscenes_mini_subset,scene-0103_028,tx,lateral,0.1,m,0.08016,11.57509,4,125,125,0,0,102,102,23,23,0.11681,0.00383
nuscenes_mini_subset,scene-0103_028,tx,lateral,0.2,m,0.08024,23.15348,4,125,125,0,0,102,102,23,23,0.11789,0.00266
nuscenes_mini_subset,scene-0103_028,ty,forward,0.02,m,0.08062,0.86395,4,125,125,0,0,102,102,23,23,0.1125,0.00444
nuscenes_mini_subset,scene-0103_028,ty,forward,0.05,m,0.08099,2.1515,4,125,125,0,0,102,102,23,23,0.11456,0.00686
nuscenes_mini_subset,scene-0103_028,ty,forward,0.1,m,0.08168,4.2754,4,125,125,0,0,102,102,23,23,0.11354,0.0044
nuscenes_mini_subset,scene-0103_028,ty,forward,0.2,m,0.08508,8.44291,4,125,125,0,0,102,102,23,23,0.11698,0.00734
nuscenes_mini_subset,scene-0103_028,tz,up,0.02,m,0.08085,2.33592,4,125,125,0,0,102,102,23,23,0.10929,0.00309
nuscenes_mini_subset,scene-0103_028,tz,up,0.05,m,0.08139,5.83858,4,125,125,0,0,102,102,23,23,0.10702,0.00021
nuscenes_mini_subset,scene-0103_028,tz,up,0.1,m,0.08436,11.67306,4,125,125,0,0,102,102,23,23,0.10472,-0.00252
nuscenes_mini_subset,scene-0103_028,tz,up,0.2,m,0.09061,23.32978,4,125,125,0,0,102,102,23,23,0.09817,-0.01102
nuscenes_mini_subset,scene-0103_029,none,-,0.0,-,0.08021,0.0,4,158,158,0,0,132,132,26,26,0.1617,0.01255
nuscenes_mini_subset,scene-0103_029,yaw,yaw,0.25,deg,0.08041,6.50261,4,157,158,0,0,131,132,26,26,0.14732,0.00046
nuscenes_mini_subset,scene-0103_029,yaw,yaw,0.5,deg,0.08044,13.00553,4,155,158,0,0,129,132,26,26,0.1453,0.00125
nuscenes_mini_subset,scene-0103_029,yaw,yaw,1.0,deg,0.08062,26.01383,4,148,158,0,0,122,132,26,26,0.13322,-0.00357
nuscenes_mini_subset,scene-0103_029,yaw,yaw,2.0,deg,0.08079,52.05088,4,131,158,0,0,108,132,23,26,0.11866,-0.00607
nuscenes_mini_subset,scene-0103_029,yaw,yaw,3.0,deg,0.08105,78.1356,4,108,158,0,0,88,132,20,26,0.12689,0.00574
nuscenes_mini_subset,scene-0103_029,pitch,roll,0.25,deg,0.08033,2.08529,4,158,158,0,0,132,132,26,26,0.16299,0.01206
nuscenes_mini_subset,scene-0103_029,pitch,roll,0.5,deg,0.08039,4.17055,4,158,158,0,0,132,132,26,26,0.16081,0.00882
nuscenes_mini_subset,scene-0103_029,pitch,roll,1.0,deg,0.08044,8.34092,4,157,158,0,0,131,132,26,26,0.16164,0.00655
nuscenes_mini_subset,scene-0103_029,pitch,roll,2.0,deg,0.08033,16.68081,4,154,158,0,0,128,132,26,26,0.16236,0.00053
nuscenes_mini_subset,scene-0103_029,pitch,roll,3.0,deg,0.08033,25.01902,4,151,158,0,0,125,132,26,26,0.18011,0.01125
nuscenes_mini_subset,scene-0103_029,roll,pitch,0.25,deg,0.08082,5.96107,4,157,158,0,0,131,132,26,26,0.16987,0.02033
nuscenes_mini_subset,scene-0103_029,roll,pitch,0.5,deg,0.08128,11.9144,4,157,158,0,0,131,132,26,26,0.14904,0.00425
nuscenes_mini_subset,scene-0103_029,roll,pitch,1.0,deg,0.08413,23.79897,4,153,158,0,0,127,132,26,26,0.1212,-0.01295
nuscenes_mini_subset,scene-0103_029,roll,pitch,2.0,deg,0.08753,47.4877,4,133,158,0,0,120,132,13,26,0.12355,-0.00091
nuscenes_mini_subset,scene-0103_029,roll,pitch,3.0,deg,0.09087,71.08423,4,105,158,0,0,92,132,13,26,0.11452,-0.01386
nuscenes_mini_subset,scene-0103_029,tx,lateral,0.02,m,0.08024,2.30442,4,158,158,0,0,132,132,26,26,0.16535,0.01689
nuscenes_mini_subset,scene-0103_029,tx,lateral,0.05,m,0.08018,5.76129,4,158,158,0,0,132,132,26,26,0.16073,0.01141
nuscenes_mini_subset,scene-0103_029,tx,lateral,0.1,m,0.08007,11.52336,4,158,158,0,0,132,132,26,26,0.16053,0.00839
nuscenes_mini_subset,scene-0103_029,tx,lateral,0.2,m,0.07995,23.04988,4,158,158,0,0,132,132,26,26,0.15147,-0.00234
nuscenes_mini_subset,scene-0103_029,ty,forward,0.02,m,0.08044,0.86478,4,158,158,0,0,132,132,26,26,0.16131,0.01158
nuscenes_mini_subset,scene-0103_029,ty,forward,0.05,m,0.08093,2.15371,4,158,158,0,0,132,132,26,26,0.16183,0.01202
nuscenes_mini_subset,scene-0103_029,ty,forward,0.1,m,0.08151,4.28033,4,158,158,0,0,132,132,26,26,0.15698,0.00679
nuscenes_mini_subset,scene-0103_029,ty,forward,0.2,m,0.08459,8.45464,4,158,158,0,0,132,132,26,26,0.15417,0.00113
nuscenes_mini_subset,scene-0103_029,tz,up,0.02,m,0.08067,2.32562,4,158,158,0,0,132,132,26,26,0.16195,0.01353
nuscenes_mini_subset,scene-0103_029,tz,up,0.05,m,0.08128,5.81283,4,158,158,0,0,132,132,26,26,0.15944,0.0094
nuscenes_mini_subset,scene-0103_029,tz,up,0.1,m,0.08422,11.6216,4,157,158,0,0,131,132,26,26,0.16438,0.01619
nuscenes_mini_subset,scene-0103_029,tz,up,0.2,m,0.09038,23.22702,4,157,158,0,0,131,132,26,26,0.15649,0.00942
nuscenes_mini_subset,scene-0103_030,none,-,0.0,-,0.08147,0.0,5,218,218,66,66,109,109,43,43,0.15912,0.01962
nuscenes_mini_subset,scene-0103_030,yaw,yaw,0.25,deg,0.08141,6.49945,5,215,218,66,66,106,109,43,43,0.13203,-0.00432
nuscenes_mini_subset,scene-0103_030,yaw,yaw,0.5,deg,0.08147,12.99957,5,212,218,66,66,103,109,43,43,0.11732,-0.01276
nuscenes_mini_subset,scene-0103_030,yaw,yaw,1.0,deg,0.08167,26.00332,5,204,218,64,66,97,109,43,43,0.11033,-0.01759
nuscenes_mini_subset,scene-0103_030,yaw,yaw,2.0,deg,0.08182,52.03553,5,184,218,58,66,86,109,40,43,0.1238,0.00485
nuscenes_mini_subset,scene-0103_030,yaw,yaw,3.0,deg,0.0819,78.12105,5,160,218,51,66,72,109,37,43,0.10178,-0.01539
nuscenes_mini_subset,scene-0103_030,pitch,roll,0.25,deg,0.0815,2.07529,5,218,218,66,66,109,109,43,43,0.16041,0.01477
nuscenes_mini_subset,scene-0103_030,pitch,roll,0.5,deg,0.08158,4.15053,5,218,218,66,66,109,109,43,43,0.15878,0.01222
nuscenes_mini_subset,scene-0103_030,pitch,roll,1.0,deg,0.08164,8.30088,5,217,218,66,66,108,109,43,43,0.15187,0.00037
nuscenes_mini_subset,scene-0103_030,pitch,roll,2.0,deg,0.08144,16.60067,5,216,218,66,66,107,109,43,43,0.17539,0.01615
nuscenes_mini_subset,scene-0103_030,pitch,roll,3.0,deg,0.0815,24.89872,5,216,218,66,66,107,109,43,43,0.18997,0.01728
nuscenes_mini_subset,scene-0103_030,roll,pitch,0.25,deg,0.08207,5.95889,5,218,218,66,66,109,109,43,43,0.13596,-0.002
nuscenes_mini_subset,scene-0103_030,roll,pitch,0.5,deg,0.08251,11.91003,5,216,218,66,66,107,109,43,43,0.12244,-0.01311
nuscenes_mini_subset,scene-0103_030,roll,pitch,1.0,deg,0.08533,23.79024,5,188,218,66,66,86,109,36,43,0.1317,0.0019
nuscenes_mini_subset,scene-0103_030,roll,pitch,2.0,deg,0.0885,47.47028,5,173,218,60,66,77,109,36,43,0.1358,-0.00152
nuscenes_mini_subset,scene-0103_030,roll,pitch,3.0,deg,0.09193,71.05813,5,128,218,40,66,70,109,18,43,0.15365,0.0189
nuscenes_mini_subset,scene-0103_030,tx,lateral,0.02,m,0.08132,2.36234,5,218,218,66,66,109,109,43,43,0.15424,0.01443
nuscenes_mini_subset,scene-0103_030,tx,lateral,0.05,m,0.08138,5.9061,5,218,218,66,66,109,109,43,43,0.15589,0.0166
nuscenes_mini_subset,scene-0103_030,tx,lateral,0.1,m,0.08118,11.81306,5,218,218,66,66,109,109,43,43,0.14727,0.0097
nuscenes_mini_subset,scene-0103_030,tx,lateral,0.2,m,0.08104,23.62954,5,217,218,65,66,109,109,43,43,0.13308,-0.00143
nuscenes_mini_subset,scene-0103_030,ty,forward,0.02,m,0.08167,0.88304,5,218,218,66,66,109,109,43,43,0.15804,0.01706
nuscenes_mini_subset,scene-0103_030,ty,forward,0.05,m,0.08196,2.19893,5,218,218,66,66,109,109,43,43,0.15485,0.01214
nuscenes_mini_subset,scene-0103_030,ty,forward,0.1,m,0.08271,4.36931,5,218,218,66,66,109,109,43,43,0.15092,0.0075
nuscenes_mini_subset,scene-0103_030,ty,forward,0.2,m,0.08568,8.62703,5,218,218,66,66,109,109,43,43,0.14334,0.0018
nuscenes_mini_subset,scene-0103_030,tz,up,0.02,m,0.08196,2.38388,5,218,218,66,66,109,109,43,43,0.15338,0.01351
nuscenes_mini_subset,scene-0103_030,tz,up,0.05,m,0.08254,5.95842,5,218,218,66,66,109,109,43,43,0.14651,0.00759
nuscenes_mini_subset,scene-0103_030,tz,up,0.1,m,0.08548,11.91259,5,218,218,66,66,109,109,43,43,0.14022,-0.00046
nuscenes_mini_subset,scene-0103_030,tz,up,0.2,m,0.09176,23.80822,5,205,218,66,66,96,109,43,43,0.12421,-0.01597
nuscenes_mini_subset,scene-0103_031,none,-,0.0,-,0.0813,0.0,6,291,291,164,164,127,127,0,0,0.17951,0.02161
nuscenes_mini_subset,scene-0103_031,yaw,yaw,0.25,deg,0.0815,6.49548,6,290,291,163,164,127,127,0,0,0.15425,-0.00216
nuscenes_mini_subset,scene-0103_031,yaw,yaw,0.5,deg,0.08156,12.9917,6,289,291,162,164,127,127,0,0,0.14376,-0.01406
nuscenes_mini_subset,scene-0103_031,yaw,yaw,1.0,deg,0.08164,25.98791,6,283,291,159,164,124,127,0,0,0.13073,-0.02022
nuscenes_mini_subset,scene-0103_031,yaw,yaw,2.0,deg,0.08167,52.006,6,258,291,149,164,109,127,0,0,0.14816,0.013
nuscenes_mini_subset,scene-0103_031,yaw,yaw,3.0,deg,0.08179,78.07865,6,220,291,134,164,86,127,0,0,0.11243,-0.01283
nuscenes_mini_subset,scene-0103_031,pitch,roll,0.25,deg,0.08141,2.08096,6,291,291,164,164,127,127,0,0,0.17315,0.01518
nuscenes_mini_subset,scene-0103_031,pitch,roll,0.5,deg,0.08153,4.16188,6,291,291,164,164,127,127,0,0,0.16083,0.00061
nuscenes_mini_subset,scene-0103_031,pitch,roll,1.0,deg,0.08153,8.32355,6,291,291,164,164,127,127,0,0,0.16088,-0.00525
nuscenes_mini_subset,scene-0103_031,pitch,roll,2.0,deg,0.08144,16.64598,6,291,291,164,164,127,127,0,0,0.19102,0.01792
nuscenes_mini_subset,scene-0103_031,pitch,roll,3.0,deg,0.08144,24.96664,6,273,291,149,164,124,127,0,0,0.18239,-0.0047
nuscenes_mini_subset,scene-0103_031,roll,pitch,0.25,deg,0.08184,5.94951,6,291,291,164,164,127,127,0,0,0.14307,-0.01185
nuscenes_mini_subset,scene-0103_031,roll,pitch,0.5,deg,0.08242,11.89138,6,280,291,153,164,127,127,0,0,0.14223,-0.01245
nuscenes_mini_subset,scene-0103_031,roll,pitch,1.0,deg,0.08525,23.75333,6,270,291,150,164,120,127,0,0,0.1506,-0.00195
nuscenes_mini_subset,scene-0103_031,roll,pitch,2.0,deg,0.08816,47.39796,6,243,291,139,164,104,127,0,0,0.15823,-5e-05
nuscenes_mini_subset,scene-0103_031,roll,pitch,3.0,deg,0.09182,70.95183,6,212,291,132,164,80,127,0,0,0.15449,0.00936
nuscenes_mini_subset,scene-0103_031,tx,lateral,0.02,m,0.08132,2.34139,6,289,291,162,164,127,127,0,0,0.17668,0.0157
nuscenes_mini_subset,scene-0103_031,tx,lateral,0.05,m,0.08124,5.85373,6,287,291,160,164,127,127,0,0,0.17924,0.01895
nuscenes_mini_subset,scene-0103_031,tx,lateral,0.1,m,0.08124,11.70831,6,285,291,158,164,127,127,0,0,0.17241,0.01383
nuscenes_mini_subset,scene-0103_031,tx,lateral,0.2,m,0.08107,23.42001,6,280,291,153,164,127,127,0,0,0.1718,0.01148
nuscenes_mini_subset,scene-0103_031,ty,forward,0.02,m,0.08164,0.87765,6,291,291,164,164,127,127,0,0,0.18048,0.02177
nuscenes_mini_subset,scene-0103_031,ty,forward,0.05,m,0.08202,2.18559,6,291,291,164,164,127,127,0,0,0.17686,0.01762
nuscenes_mini_subset,scene-0103_031,ty,forward,0.1,m,0.08271,4.34311,6,291,291,164,164,127,127,0,0,0.17578,0.01498
nuscenes_mini_subset,scene-0103_031,ty,forward,0.2,m,0.08545,8.57639,6,291,291,164,164,127,127,0,0,0.1714,0.00887
nuscenes_mini_subset,scene-0103_031,tz,up,0.02,m,0.08179,2.36257,6,291,291,164,164,127,127,0,0,0.17449,0.01731
nuscenes_mini_subset,scene-0103_031,tz,up,0.05,m,0.08239,5.90518,6,291,291,164,164,127,127,0,0,0.16222,0.00681
nuscenes_mini_subset,scene-0103_031,tz,up,0.1,m,0.08525,11.80619,6,280,291,153,164,127,127,0,0,0.14414,-0.01051
nuscenes_mini_subset,scene-0103_031,tz,up,0.2,m,0.09147,23.59575,6,277,291,150,164,127,127,0,0,0.14964,-0.00368
nuscenes_mini_subset,scene-0103_032,none,-,0.0,-,0.08164,0.0,8,319,319,176,176,133,133,10,10,0.14316,0.00493
nuscenes_mini_subset,scene-0103_032,yaw,yaw,0.25,deg,0.08169,6.49598,8,317,319,174,176,133,133,10,10,0.15247,0.00377
nuscenes_mini_subset,scene-0103_032,yaw,yaw,0.5,deg,0.08169,12.99352,8,316,319,174,176,132,133,10,10,0.137,0.00217
nuscenes_mini_subset,scene-0103_032,yaw,yaw,1.0,deg,0.08146,25.9948,8,306,319,168,176,128,133,10,10,0.10646,-0.02625
nuscenes_mini_subset,scene-0103_032,yaw,yaw,2.0,deg,0.08123,52.03281,8,272,319,150,176,112,133,10,10,0.10583,-0.01944
nuscenes_mini_subset,scene-0103_032,yaw,yaw,3.0,deg,0.08118,78.13855,8,227,319,133,176,86,133,8,10,0.13021,-0.00046
nuscenes_mini_subset,scene-0103_032,pitch,roll,0.25,deg,0.08172,2.08883,8,319,319,176,176,133,133,10,10,0.13482,-0.00645
nuscenes_mini_subset,scene-0103_032,pitch,roll,0.5,deg,0.08192,4.17761,8,319,319,176,176,133,133,10,10,0.13875,-0.00307
nuscenes_mini_subset,scene-0103_032,pitch,roll,1.0,deg,0.08195,8.35499,8,319,319,176,176,133,133,10,10,0.14724,-0.00164
nuscenes_mini_subset,scene-0103_032,pitch,roll,2.0,deg,0.08181,16.7087,8,306,319,163,176,133,133,10,10,0.17414,0.01412
nuscenes_mini_subset,scene-0103_032,pitch,roll,3.0,deg,0.08184,25.06049,8,299,319,160,176,129,133,10,10,0.17179,-0.00134
nuscenes_mini_subset,scene-0103_032,roll,pitch,0.25,deg,0.08233,5.93806,8,319,319,176,176,133,133,10,10,0.12865,-0.00851
nuscenes_mini_subset,scene-0103_032,roll,pitch,0.5,deg,0.0829,11.86856,8,318,319,176,176,132,133,10,10,0.13281,0.00264
nuscenes_mini_subset,scene-0103_032,roll,pitch,1.0,deg,0.08578,23.70799,8,309,319,176,176,123,133,10,10,0.13454,0.00244
nuscenes_mini_subset,scene-0103_032,roll,pitch,2.0,deg,0.08863,47.30853,8,272,319,163,176,107,133,2,10,0.13039,0.00119
nuscenes_mini_subset,scene-0103_032,roll,pitch,3.0,deg,0.09222,70.81946,8,235,319,156,176,77,133,2,10,0.13366,0.001
nuscenes_mini_subset,scene-0103_032,tx,lateral,0.02,m,0.08178,2.3352,8,319,319,176,176,133,133,10,10,0.13976,0.00198
nuscenes_mini_subset,scene-0103_032,tx,lateral,0.05,m,0.08172,5.83825,8,317,319,174,176,133,133,10,10,0.13025,-0.00815
nuscenes_mini_subset,scene-0103_032,tx,lateral,0.1,m,0.08172,11.67731,8,316,319,173,176,133,133,10,10,0.14294,0.00573
nuscenes_mini_subset,scene-0103_032,tx,lateral,0.2,m,0.08169,23.35791,8,311,319,168,176,133,133,10,10,0.13502,-0.00357
nuscenes_mini_subset,scene-0103_032,ty,forward,0.02,m,0.08212,0.87502,8,319,319,176,176,133,133,10,10,0.14153,0.0031
nuscenes_mini_subset,scene-0103_032,ty,forward,0.05,m,0.08247,2.1791,8,319,319,176,176,133,133,10,10,0.13988,0.00239
nuscenes_mini_subset,scene-0103_032,ty,forward,0.1,m,0.08302,4.33038,8,319,319,176,176,133,133,10,10,0.13735,-0.00167
nuscenes_mini_subset,scene-0103_032,ty,forward,0.2,m,0.08589,8.55191,8,319,319,176,176,133,133,10,10,0.14911,0.01191
nuscenes_mini_subset,scene-0103_032,tz,up,0.02,m,0.08215,2.35634,8,319,319,176,176,133,133,10,10,0.1439,0.00558
nuscenes_mini_subset,scene-0103_032,tz,up,0.05,m,0.08279,5.8896,8,319,319,176,176,133,133,10,10,0.13819,-0.00121
nuscenes_mini_subset,scene-0103_032,tz,up,0.1,m,0.08566,11.77507,8,319,319,176,176,133,133,10,10,0.13276,-0.00342
nuscenes_mini_subset,scene-0103_032,tz,up,0.2,m,0.09191,23.53364,8,318,319,176,176,132,133,10,10,0.12734,-0.00536
nuscenes_mini_subset,scene-0103_033,none,-,0.0,-,0.08202,0.0,6,362,362,190,190,172,172,0,0,0.14978,0.00641
nuscenes_mini_subset,scene-0103_033,yaw,yaw,0.25,deg,0.08188,6.49612,6,360,362,188,190,172,172,0,0,0.14631,0.00592
nuscenes_mini_subset,scene-0103_033,yaw,yaw,0.5,deg,0.08182,12.99391,6,357,362,185,190,172,172,0,0,0.14729,0.00633
nuscenes_mini_subset,scene-0103_033,yaw,yaw,1.0,deg,0.08193,25.99599,6,348,362,177,190,171,172,0,0,0.15256,0.0122
nuscenes_mini_subset,scene-0103_033,yaw,yaw,2.0,deg,0.08176,52.03688,6,321,362,154,190,167,172,0,0,0.13181,-0.00195
nuscenes_mini_subset,scene-0103_033,yaw,yaw,3.0,deg,0.08165,78.14723,6,281,362,133,190,148,172,0,0,0.13006,-0.00114
nuscenes_mini_subset,scene-0103_033,pitch,roll,0.25,deg,0.08208,2.09097,6,362,362,190,190,172,172,0,0,0.15329,0.00855
nuscenes_mini_subset,scene-0103_033,pitch,roll,0.5,deg,0.08216,4.18189,6,362,362,190,190,172,172,0,0,0.14504,0.00197
nuscenes_mini_subset,scene-0103_033,pitch,roll,1.0,deg,0.08214,8.36355,6,359,362,187,190,172,172,0,0,0.15832,0.01927
nuscenes_mini_subset,scene-0103_033,pitch,roll,2.0,deg,0.08193,16.72583,6,353,362,181,190,172,172,0,0,0.13453,-0.00826
nuscenes_mini_subset,scene-0103_033,pitch,roll,3.0,deg,0.08205,25.08619,6,342,362,178,190,164,172,0,0,0.14968,0.00383
nuscenes_mini_subset,scene-0103_033,roll,pitch,0.25,deg,0.0826,5.9389,6,362,362,190,190,172,172,0,0,0.12806,-0.00127
nuscenes_mini_subset,scene-0103_033,roll,pitch,0.5,deg,0.08308,11.87026,6,362,362,190,190,172,172,0,0,0.11079,-0.00467
nuscenes_mini_subset,scene-0103_033,roll,pitch,1.0,deg,0.08587,23.7115,6,351,362,186,190,165,172,0,0,0.09729,-0.01005
nuscenes_mini_subset,scene-0103_033,roll,pitch,2.0,deg,0.08898,47.31592,6,315,362,179,190,136,172,0,0,0.07881,-0.01868
nuscenes_mini_subset,scene-0103_033,roll,pitch,3.0,deg,0.09234,70.83113,6,276,362,176,190,100,172,0,0,0.1106,0.00075
nuscenes_mini_subset,scene-0103_033,tx,lateral,0.02,m,0.08202,2.39638,6,360,362,188,190,172,172,0,0,0.15341,0.00989
nuscenes_mini_subset,scene-0103_033,tx,lateral,0.05,m,0.08208,5.99119,6,359,362,187,190,172,172,0,0,0.15346,0.01536
nuscenes_mini_subset,scene-0103_033,tx,lateral,0.1,m,0.08191,11.98319,6,357,362,185,190,172,172,0,0,0.15652,0.01889
nuscenes_mini_subset,scene-0103_033,tx,lateral,0.2,m,0.0817,23.96967,6,349,362,177,190,172,172,0,0,0.14983,0.01617
nuscenes_mini_subset,scene-0103_033,ty,forward,0.02,m,0.08225,0.90214,6,362,362,190,190,172,172,0,0,0.15267,0.01062
nuscenes_mini_subset,scene-0103_033,ty,forward,0.05,m,0.08257,2.24644,6,362,362,190,190,172,172,0,0,0.15291,0.01169
nuscenes_mini_subset,scene-0103_033,ty,forward,0.1,m,0.08343,4.46355,6,362,362,190,190,172,172,0,0,0.15817,0.01784
nuscenes_mini_subset,scene-0103_033,ty,forward,0.2,m,0.08685,8.81247,6,362,362,190,190,172,172,0,0,0.15723,0.01844
nuscenes_mini_subset,scene-0103_033,tz,up,0.02,m,0.08248,2.4177,6,362,362,190,190,172,172,0,0,0.15017,0.00733
nuscenes_mini_subset,scene-0103_033,tz,up,0.05,m,0.08311,6.04297,6,362,362,190,190,172,172,0,0,0.14298,0.00412
nuscenes_mini_subset,scene-0103_033,tz,up,0.1,m,0.08607,12.08165,6,362,362,190,190,172,172,0,0,0.14157,0.00903
nuscenes_mini_subset,scene-0103_033,tz,up,0.2,m,0.09228,24.14619,6,358,362,186,190,172,172,0,0,0.1088,-0.01299
nuscenes_mini_subset,scene-0103_034,none,-,0.0,-,0.08199,0.0,5,412,413,144,145,268,268,0,0,0.16018,0.02675
nuscenes_mini_subset,scene-0103_034,yaw,yaw,0.25,deg,0.08182,6.5023,5,408,413,145,145,263,268,0,0,0.15406,0.01512
nuscenes_mini_subset,scene-0103_034,yaw,yaw,0.5,deg,0.08176,13.00602,5,403,413,144,145,259,268,0,0,0.15676,0.02418
nuscenes_mini_subset,scene-0103_034,yaw,yaw,1.0,deg,0.08176,26.0193,5,394,413,142,145,252,268,0,0,0.12745,-0.00077
nuscenes_mini_subset,scene-0103_034,yaw,yaw,2.0,deg,0.08158,52.07989,5,364,413,135,145,229,268,0,0,0.15596,0.02445
nuscenes_mini_subset,scene-0103_034,yaw,yaw,3.0,deg,0.08141,78.2064,5,323,413,125,145,198,268,0,0,0.13322,-0.01145
nuscenes_mini_subset,scene-0103_034,pitch,roll,0.25,deg,0.08205,2.10226,5,412,413,144,145,268,268,0,0,0.17858,0.0401
nuscenes_mini_subset,scene-0103_034,pitch,roll,0.5,deg,0.08213,4.20447,5,413,413,145,145,268,268,0,0,0.18674,0.04338
nuscenes_mini_subset,scene-0103_034,pitch,roll,1.0,deg,0.08222,8.4087,5,413,413,145,145,268,268,0,0,0.18303,0.04028
nuscenes_mini_subset,scene-0103_034,pitch,roll,2.0,deg,0.08213,16.81615,5,401,413,134,145,267,268,0,0,0.16586,0.00589
nuscenes_mini_subset,scene-0103_034,pitch,roll,3.0,deg,0.08213,25.22169,5,391,413,132,145,259,268,0,0,0.15385,-0.00916
nuscenes_mini_subset,scene-0103_034,roll,pitch,0.25,deg,0.08256,5.93409,5,412,413,144,145,268,268,0,0,0.15322,0.02231
nuscenes_mini_subset,scene-0103_034,roll,pitch,0.5,deg,0.08303,11.86065,5,413,413,145,145,268,268,0,0,0.14876,0.02685
nuscenes_mini_subset,scene-0103_034,roll,pitch,1.0,deg,0.08579,23.69236,5,391,413,145,145,246,268,0,0,0.10508,-0.01436
nuscenes_mini_subset,scene-0103_034,roll,pitch,2.0,deg,0.08896,47.27794,5,362,413,139,145,223,268,0,0,0.12273,0.00296
nuscenes_mini_subset,scene-0103_034,roll,pitch,3.0,deg,0.09245,70.77459,5,348,413,139,145,209,268,0,0,0.14062,0.00169
nuscenes_mini_subset,scene-0103_034,tx,lateral,0.02,m,0.08187,2.39503,5,412,413,144,145,268,268,0,0,0.16428,0.03091
nuscenes_mini_subset,scene-0103_034,tx,lateral,0.05,m,0.08199,5.98783,5,412,413,144,145,268,268,0,0,0.16186,0.02732
nuscenes_mini_subset,scene-0103_034,tx,lateral,0.1,m,0.08199,11.97647,5,409,413,142,145,267,268,0,0,0.15931,0.0225
nuscenes_mini_subset,scene-0103_034,tx,lateral,0.2,m,0.08187,23.95618,5,403,413,136,145,267,268,0,0,0.15957,0.02245
nuscenes_mini_subset,scene-0103_034,ty,forward,0.02,m,0.08228,0.90331,5,413,413,145,145,268,268,0,0,0.16472,0.03198
nuscenes_mini_subset,scene-0103_034,ty,forward,0.05,m,0.08271,2.24946,5,413,413,145,145,268,268,0,0,0.16509,0.03175
nuscenes_mini_subset,scene-0103_034,ty,forward,0.1,m,0.0834,4.4699,5,413,413,145,145,268,268,0,0,0.16973,0.03439
nuscenes_mini_subset,scene-0103_034,ty,forward,0.2,m,0.08689,8.82633,5,413,413,145,145,268,268,0,0,0.17117,0.03102
nuscenes_mini_subset,scene-0103_034,tz,up,0.02,m,0.08251,2.41654,5,412,413,144,145,268,268,0,0,0.16324,0.02916
nuscenes_mini_subset,scene-0103_034,tz,up,0.05,m,0.08308,6.04005,5,412,413,144,145,268,268,0,0,0.16171,0.02614
nuscenes_mini_subset,scene-0103_034,tz,up,0.1,m,0.08602,12.07579,5,413,413,145,145,268,268,0,0,0.16657,0.02817
nuscenes_mini_subset,scene-0103_034,tz,up,0.2,m,0.09237,24.13433,5,399,413,145,145,254,268,0,0,0.17915,0.04992
nuscenes_mini_subset,scene-0103_035,none,-,0.0,-,0.0809,0.0,7,381,382,276,277,88,88,17,17,0.16702,0.01005
nuscenes_mini_subset,scene-0103_035,yaw,yaw,0.25,deg,0.08082,6.50052,7,376,382,271,277,88,88,17,17,0.14429,-0.00134
nuscenes_mini_subset,scene-0103_035,yaw,yaw,0.5,deg,0.0805,13.00228,7,369,382,266,277,87,88,16,17,0.14088,0.00503
nuscenes_mini_subset,scene-0103_035,yaw,yaw,1.0,deg,0.08021,26.01107,7,353,382,254,277,85,88,14,17,0.13346,0.00933
nuscenes_mini_subset,scene-0103_035,yaw,yaw,2.0,deg,0.0801,52.06043,7,306,382,218,277,80,88,8,17,0.12323,-0.00405
nuscenes_mini_subset,scene-0103_035,yaw,yaw,3.0,deg,0.07995,78.1727,7,243,382,174,277,65,88,4,17,0.13543,0.00179
nuscenes_mini_subset,scene-0103_035,pitch,roll,0.25,deg,0.08096,2.10062,7,382,382,277,277,88,88,17,17,0.16967,0.0116
nuscenes_mini_subset,scene-0103_035,pitch,roll,0.5,deg,0.08108,4.20119,7,382,382,277,277,88,88,17,17,0.18017,0.02211
nuscenes_mini_subset,scene-0103_035,pitch,roll,1.0,deg,0.08108,8.40215,7,382,382,277,277,88,88,17,17,0.19207,0.0329
nuscenes_mini_subset,scene-0103_035,pitch,roll,2.0,deg,0.08096,16.80306,7,366,382,261,277,88,88,17,17,0.21334,0.05065
nuscenes_mini_subset,scene-0103_035,pitch,roll,3.0,deg,0.08102,25.20209,7,365,382,260,277,88,88,17,17,0.18231,0.01352
nuscenes_mini_subset,scene-0103_035,roll,pitch,0.25,deg,0.08154,5.93552,7,382,382,277,277,88,88,17,17,0.142,-0.00355
nuscenes_mini_subset,scene-0103_035,roll,pitch,0.5,deg,0.08191,11.86338,7,382,382,277,277,88,88,17,17,0.14407,0.00397
nuscenes_mini_subset,scene-0103_035,roll,pitch,1.0,deg,0.08468,23.69729,7,350,382,258,277,75,88,17,17,0.14091,0.01205
nuscenes_mini_subset,scene-0103_035,roll,pitch,2.0,deg,0.08785,47.28575,7,334,382,254,277,69,88,11,17,0.10249,-0.01717
nuscenes_mini_subset,scene-0103_035,roll,pitch,3.0,deg,0.09122,70.78322,7,309,382,244,277,61,88,4,17,0.13558,0.00956
nuscenes_mini_subset,scene-0103_035,tx,lateral,0.02,m,0.08082,2.43775,7,378,382,273,277,88,88,17,17,0.16587,0.00548
nuscenes_mini_subset,scene-0103_035,tx,lateral,0.05,m,0.0809,6.09462,7,377,382,272,277,88,88,17,17,0.16923,0.00901
nuscenes_mini_subset,scene-0103_035,tx,lateral,0.1,m,0.08085,12.19009,7,373,382,268,277,88,88,17,17,0.16799,0.00613
nuscenes_mini_subset,scene-0103_035,tx,lateral,0.2,m,0.08073,24.38355,7,366,382,261,277,88,88,17,17,0.18439,0.03186
nuscenes_mini_subset,scene-0103_035,ty,forward,0.02,m,0.08122,0.91711,7,382,382,277,277,88,88,17,17,0.16909,0.01149
nuscenes_mini_subset,scene-0103_035,ty,forward,0.05,m,0.08154,2.28372,7,382,382,277,277,88,88,17,17,0.16748,0.01254
nuscenes_mini_subset,scene-0103_035,ty,forward,0.1,m,0.08237,4.53763,7,382,382,277,277,88,88,17,17,0.17691,0.02192
nuscenes_mini_subset,scene-0103_035,ty,forward,0.2,m,0.08597,8.95868,7,382,382,277,277,88,88,17,17,0.18017,0.02544
nuscenes_mini_subset,scene-0103_035,tz,up,0.02,m,0.08139,2.45969,7,381,382,276,277,88,88,17,17,0.16219,0.00699
nuscenes_mini_subset,scene-0103_035,tz,up,0.05,m,0.08197,6.14788,7,382,382,277,277,88,88,17,17,0.15686,0.00464
nuscenes_mini_subset,scene-0103_035,tz,up,0.1,m,0.08491,12.29132,7,382,382,277,277,88,88,17,17,0.14283,-0.00234
nuscenes_mini_subset,scene-0103_035,tz,up,0.2,m,0.09124,24.56488,7,356,382,259,277,80,88,17,17,0.13523,0.00083
nuscenes_mini_subset,scene-0103_036,none,-,0.0,-,0.08043,0.0,6,277,277,145,145,132,132,0,0,0.16866,-0.00023
nuscenes_mini_subset,scene-0103_036,yaw,yaw,0.25,deg,0.08054,6.49138,6,276,277,145,145,131,132,0,0,0.1612,-0.00151
nuscenes_mini_subset,scene-0103_036,yaw,yaw,0.5,deg,0.08069,12.98381,6,273,277,145,145,128,132,0,0,0.16509,0.01123
nuscenes_mini_subset,scene-0103_036,yaw,yaw,1.0,deg,0.08043,25.97336,6,263,277,143,145,120,132,0,0,0.16213,0.00923
nuscenes_mini_subset,scene-0103_036,yaw,yaw,2.0,deg,0.08043,51.98189,6,239,277,133,145,106,132,0,0,0.18364,0.0232
nuscenes_mini_subset,scene-0103_036,yaw,yaw,3.0,deg,0.08017,78.05006,6,208,277,123,145,85,132,0,0,0.19566,0.0156
nuscenes_mini_subset,scene-0103_036,pitch,roll,0.25,deg,0.0806,2.08807,6,276,277,145,145,131,132,0,0,0.18382,0.01597
nuscenes_mini_subset,scene-0103_036,pitch,roll,0.5,deg,0.08074,4.1761,6,276,277,145,145,131,132,0,0,0.18883,0.02297
nuscenes_mini_subset,scene-0103_036,pitch,roll,1.0,deg,0.0808,8.35199,6,276,277,145,145,131,132,0,0,0.19631,0.02932
nuscenes_mini_subset,scene-0103_036,pitch,roll,2.0,deg,0.08051,16.7028,6,269,277,145,145,124,132,0,0,0.16422,0.0031
nuscenes_mini_subset,scene-0103_036,pitch,roll,3.0,deg,0.08063,25.05177,6,268,277,144,145,124,132,0,0,0.1614,0.01036
nuscenes_mini_subset,scene-0103_036,roll,pitch,0.25,deg,0.08118,5.93667,6,277,277,145,145,132,132,0,0,0.13979,-0.01982
nuscenes_mini_subset,scene-0103_036,roll,pitch,0.5,deg,0.08169,11.86564,6,277,277,145,145,132,132,0,0,0.14182,-0.00504
nuscenes_mini_subset,scene-0103_036,roll,pitch,1.0,deg,0.0846,23.70159,6,275,277,145,145,130,132,0,0,0.15746,0.01107
nuscenes_mini_subset,scene-0103_036,roll,pitch,2.0,deg,0.08771,47.29346,6,251,277,135,145,116,132,0,0,0.12135,-0.0097
nuscenes_mini_subset,scene-0103_036,roll,pitch,3.0,deg,0.09093,70.79348,6,230,277,131,145,99,132,0,0,0.11042,-0.01289
nuscenes_mini_subset,scene-0103_036,tx,lateral,0.02,m,0.08043,2.45388,6,276,277,144,145,132,132,0,0,0.17274,0.00441
nuscenes_mini_subset,scene-0103_036,tx,lateral,0.05,m,0.08034,6.13497,6,275,277,143,145,132,132,0,0,0.1748,0.01065
nuscenes_mini_subset,scene-0103_036,tx,lateral,0.1,m,0.08025,12.27081,6,270,277,138,145,132,132,0,0,0.16599,0.00114
nuscenes_mini_subset,scene-0103_036,tx,lateral,0.2,m,0.08002,24.54513,6,259,277,128,145,131,132,0,0,0.16734,0.00373
nuscenes_mini_subset,scene-0103_036,ty,forward,0.02,m,0.08089,0.91638,6,277,277,145,145,132,132,0,0,0.17271,0.00525
nuscenes_mini_subset,scene-0103_036,ty,forward,0.05,m,0.08126,2.2817,6,277,277,145,145,132,132,0,0,0.17254,0.00793
nuscenes_mini_subset,scene-0103_036,ty,forward,0.1,m,0.08178,4.53298,6,277,277,145,145,132,132,0,0,0.17927,0.01726
nuscenes_mini_subset,scene-0103_036,ty,forward,0.2,m,0.08592,8.9471,6,277,277,145,145,132,132,0,0,0.17699,0.01271
nuscenes_mini_subset,scene-0103_036,tz,up,0.02,m,0.08097,2.47583,6,277,277,145,145,132,132,0,0,0.16302,-0.00327
nuscenes_mini_subset,scene-0103_036,tz,up,0.05,m,0.08155,6.18824,6,277,277,145,145,132,132,0,0,0.15099,-0.01513
nuscenes_mini_subset,scene-0103_036,tz,up,0.1,m,0.08466,12.37198,6,277,277,145,145,132,132,0,0,0.15607,-0.00451
nuscenes_mini_subset,scene-0103_036,tz,up,0.2,m,0.09105,24.72603,6,274,277,142,145,132,132,0,0,0.16473,0.0066
nuscenes_mini_subset,scene-0103_037,none,-,0.0,-,0.07837,0.0,5,330,331,280,281,50,50,0,0,0.1646,0.01429
nuscenes_mini_subset,scene-0103_037,yaw,yaw,0.25,deg,0.07823,6.49765,5,326,331,277,281,49,50,0,0,0.16881,0.01347
nuscenes_mini_subset,scene-0103_037,yaw,yaw,0.5,deg,0.07817,12.99589,5,324,331,276,281,48,50,0,0,0.17555,0.02772
nuscenes_mini_subset,scene-0103_037,yaw,yaw,1.0,deg,0.07811,25.99568,5,313,331,269,281,44,50,0,0,0.14621,0.00452
nuscenes_mini_subset,scene-0103_037,yaw,yaw,2.0,deg,0.07797,52.0191,5,286,331,249,281,37,50,0,0,0.12644,-0.01109
nuscenes_mini_subset,scene-0103_037,yaw,yaw,3.0,deg,0.07802,78.0948,5,255,331,229,281,26,50,0,0,0.14405,-0.01001
nuscenes_mini_subset,scene-0103_037,pitch,roll,0.25,deg,0.0784,2.09682,5,331,331,281,281,50,50,0,0,0.17041,0.0136
nuscenes_mini_subset,scene-0103_037,pitch,roll,0.5,deg,0.07846,4.1936,5,331,331,281,281,50,50,0,0,0.17266,0.01292
nuscenes_mini_subset,scene-0103_037,pitch,roll,1.0,deg,0.07854,8.38701,5,331,331,281,281,50,50,0,0,0.16838,0.01002
nuscenes_mini_subset,scene-0103_037,pitch,roll,2.0,deg,0.07837,16.77291,5,316,331,266,281,50,50,0,0,0.16371,-0.0012
nuscenes_mini_subset,scene-0103_037,pitch,roll,3.0,deg,0.07846,25.15705,5,292,331,252,281,40,50,0,0,0.17289,0.00276
nuscenes_mini_subset,scene-0103_037,roll,pitch,0.25,deg,0.07895,5.94546,5,331,331,281,281,50,50,0,0,0.15716,0.02285
nuscenes_mini_subset,scene-0103_037,roll,pitch,0.5,deg,0.07941,11.88297,5,331,331,281,281,50,50,0,0,0.13737,0.01379
nuscenes_mini_subset,scene-0103_037,roll,pitch,1.0,deg,0.0822,23.73526,5,292,331,252,281,40,50,0,0,0.11641,0.0003
nuscenes_mini_subset,scene-0103_037,roll,pitch,2.0,deg,0.08517,47.3569,5,282,331,247,281,35,50,0,0,0.08967,-0.01838
nuscenes_mini_subset,scene-0103_037,roll,pitch,3.0,deg,0.0888,70.88284,5,248,331,232,281,16,50,0,0,0.11885,0.00312
nuscenes_mini_subset,scene-0103_037,tx,lateral,0.02,m,0.07828,2.47753,5,327,331,277,281,50,50,0,0,0.16036,0.01225
nuscenes_mini_subset,scene-0103_037,tx,lateral,0.05,m,0.07825,6.19408,5,326,331,276,281,50,50,0,0,0.16393,0.01565
nuscenes_mini_subset,scene-0103_037,tx,lateral,0.1,m,0.07823,12.38903,5,321,331,271,281,50,50,0,0,0.16198,0.01606
nuscenes_mini_subset,scene-0103_037,tx,lateral,0.2,m,0.07802,24.78154,5,315,331,265,281,50,50,0,0,0.14834,0.00392
nuscenes_mini_subset,scene-0103_037,ty,forward,0.02,m,0.07863,0.92978,5,331,331,281,281,50,50,0,0,0.16362,0.01365
nuscenes_mini_subset,scene-0103_037,ty,forward,0.05,m,0.079,2.31517,5,331,331,281,281,50,50,0,0,0.16093,0.01303
nuscenes_mini_subset,scene-0103_037,ty,forward,0.1,m,0.07972,4.59975,5,331,331,281,281,50,50,0,0,0.16347,0.01467
nuscenes_mini_subset,scene-0103_037,ty,forward,0.2,m,0.08272,9.07996,5,331,331,281,281,50,50,0,0,0.17197,0.02084
nuscenes_mini_subset,scene-0103_037,tz,up,0.02,m,0.07883,2.49978,5,331,331,281,281,50,50,0,0,0.1662,0.01934
nuscenes_mini_subset,scene-0103_037,tz,up,0.05,m,0.07941,6.24811,5,331,331,281,281,50,50,0,0,0.17457,0.03353
nuscenes_mini_subset,scene-0103_037,tz,up,0.1,m,0.08237,12.49178,5,331,331,281,281,50,50,0,0,0.17208,0.03387
nuscenes_mini_subset,scene-0103_037,tz,up,0.2,m,0.08851,24.9658,5,302,331,252,281,50,50,0,0,0.13666,0.00355
nuscenes_mini_subset,scene-0103_038,none,-,0.0,-,0.07867,0.0,7,388,389,261,262,127,127,0,0,0.20471,0.02145
nuscenes_mini_subset,scene-0103_038,yaw,yaw,0.25,deg,0.07873,6.4608,7,384,389,257,262,127,127,0,0,0.22382,0.03513
nuscenes_mini_subset,scene-0103_038,yaw,yaw,0.5,deg,0.07879,12.921,7,379,389,252,262,127,127,0,0,0.20641,0.02313
nuscenes_mini_subset,scene-0103_038,yaw,yaw,1.0,deg,0.0787,25.84104,7,357,389,233,262,124,127,0,0,0.20034,0.0078
nuscenes_mini_subset,scene-0103_038,yaw,yaw,2.0,deg,0.07893,51.69022,7,311,389,197,262,114,127,0,0,0.19137,0.00194
nuscenes_mini_subset,scene-0103_038,yaw,yaw,3.0,deg,0.07922,77.57151,7,259,389,159,262,100,127,0,0,0.20006,0.00951
nuscenes_mini_subset,scene-0103_038,pitch,roll,0.25,deg,0.0787,2.03341,7,388,389,261,262,127,127,0,0,0.20621,0.02021
nuscenes_mini_subset,scene-0103_038,pitch,roll,0.5,deg,0.0787,4.06679,7,388,389,261,262,127,127,0,0,0.20597,0.02
nuscenes_mini_subset,scene-0103_038,pitch,roll,1.0,deg,0.07873,8.13344,7,388,389,261,262,127,127,0,0,0.17654,-0.01338
nuscenes_mini_subset,scene-0103_038,pitch,roll,2.0,deg,0.07867,16.26601,7,370,389,251,262,119,127,0,0,0.1961,0.01296
nuscenes_mini_subset,scene-0103_038,pitch,roll,3.0,deg,0.0787,24.39705,7,334,389,233,262,101,127,0,0,0.1842,-0.01239
nuscenes_mini_subset,scene-0103_038,roll,pitch,0.25,deg,0.07913,5.94638,7,389,389,262,262,127,127,0,0,0.20844,0.02898
nuscenes_mini_subset,scene-0103_038,roll,pitch,0.5,deg,0.07953,11.88483,7,389,389,262,262,127,127,0,0,0.18868,0.01694
nuscenes_mini_subset,scene-0103_038,roll,pitch,1.0,deg,0.08247,23.73913,7,377,389,260,262,117,127,0,0,0.14,-0.01261
nuscenes_mini_subset,scene-0103_038,roll,pitch,2.0,deg,0.08587,47.36515,7,334,389,237,262,97,127,0,0,0.11855,-0.01167
nuscenes_mini_subset,scene-0103_038,roll,pitch,3.0,deg,0.08883,70.89595,7,308,389,228,262,80,127,0,0,0.152,0.01222
nuscenes_mini_subset,scene-0103_038,tx,lateral,0.02,m,0.07864,2.64991,7,387,389,260,262,127,127,0,0,0.2028,0.01672
nuscenes_mini_subset,scene-0103_038,tx,lateral,0.05,m,0.07876,6.6251,7,386,389,259,262,127,127,0,0,0.19722,0.017
nuscenes_mini_subset,scene-0103_038,tx,lateral,0.1,m,0.07873,13.25124,7,383,389,256,262,127,127,0,0,0.18653,0.01061
nuscenes_mini_subset,scene-0103_038,tx,lateral,0.2,m,0.07876,26.50668,7,375,389,249,262,126,127,0,0,0.17174,0.0043
nuscenes_mini_subset,scene-0103_038,ty,forward,0.02,m,0.07902,1.00462,7,389,389,262,262,127,127,0,0,0.20499,0.01994
nuscenes_mini_subset,scene-0103_038,ty,forward,0.05,m,0.07948,2.49992,7,389,389,262,262,127,127,0,0,0.20748,0.02133
nuscenes_mini_subset,scene-0103_038,ty,forward,0.1,m,0.08025,4.96165,7,389,389,262,262,127,127,0,0,0.20341,0.01582
nuscenes_mini_subset,scene-0103_038,ty,forward,0.2,m,0.08569,9.77446,7,389,389,262,262,127,127,0,0,0.20267,0.01959
nuscenes_mini_subset,scene-0103_038,tz,up,0.02,m,0.0791,2.67371,7,389,389,262,262,127,127,0,0,0.21345,0.03291
nuscenes_mini_subset,scene-0103_038,tz,up,0.05,m,0.08008,6.68269,7,389,389,262,262,127,127,0,0,0.21922,0.04069
nuscenes_mini_subset,scene-0103_038,tz,up,0.1,m,0.08267,13.36007,7,386,389,259,262,127,127,0,0,0.2183,0.03639
nuscenes_mini_subset,scene-0103_038,tz,up,0.2,m,0.08909,26.69896,7,364,389,237,262,127,127,0,0,0.19586,0.016
nuscenes_mini_subset,scene-0103_039,none,-,0.0,-,0.07762,0.0,5,265,265,113,113,152,152,0,0,0.19188,0.00068
nuscenes_mini_subset,scene-0103_039,yaw,yaw,0.25,deg,0.07779,6.45508,5,263,265,112,113,151,152,0,0,0.17259,-0.01398
nuscenes_mini_subset,scene-0103_039,yaw,yaw,0.5,deg,0.07782,12.90976,5,263,265,112,113,151,152,0,0,0.17252,-0.01369
nuscenes_mini_subset,scene-0103_039,yaw,yaw,1.0,deg,0.07828,25.81941,5,257,265,108,113,149,152,0,0,0.16855,-0.02602
nuscenes_mini_subset,scene-0103_039,yaw,yaw,2.0,deg,0.07895,51.65023,5,237,265,102,113,135,152,0,0,0.18819,-0.008
nuscenes_mini_subset,scene-0103_039,yaw,yaw,3.0,deg,0.07929,77.51636,5,208,265,94,113,114,152,0,0,0.16583,-0.02666
nuscenes_mini_subset,scene-0103_039,pitch,roll,0.25,deg,0.07756,2.06177,5,265,265,113,113,152,152,0,0,0.20151,0.01076
nuscenes_mini_subset,scene-0103_039,pitch,roll,0.5,deg,0.07765,4.12352,5,265,265,113,113,152,152,0,0,0.21037,0.01318
nuscenes_mini_subset,scene-0103_039,pitch,roll,1.0,deg,0.07771,8.2469,5,265,265,113,113,152,152,0,0,0.20897,0.01076
nuscenes_mini_subset,scene-0103_039,pitch,roll,2.0,deg,0.07765,16.49288,5,264,265,112,113,152,152,0,0,0.22115,0.02828
nuscenes_mini_subset,scene-0103_039,pitch,roll,3.0,deg,0.07762,24.73731,5,246,265,98,113,148,152,0,0,0.18961,0.00334
nuscenes_mini_subset,scene-0103_039,roll,pitch,0.25,deg,0.07823,5.94242,5,265,265,113,113,152,152,0,0,0.17507,-0.00138
nuscenes_mini_subset,scene-0103_039,roll,pitch,0.5,deg,0.07866,11.87662,5,265,265,113,113,152,152,0,0,0.1759,0.01073
nuscenes_mini_subset,scene-0103_039,roll,pitch,1.0,deg,0.08134,23.72148,5,257,265,108,113,149,152,0,0,0.17357,0.00871
nuscenes_mini_subset,scene-0103_039,roll,pitch,2.0,deg,0.08459,47.32494,5,231,265,106,113,125,152,0,0,0.17437,0.00586
nuscenes_mini_subset,scene-0103_039,roll,pitch,3.0,deg,0.08808,70.82826,5,186,265,78,113,108,152,0,0,0.19169,0.00411
nuscenes_mini_subset,scene-0103_039,tx,lateral,0.02,m,0.07751,2.43923,5,265,265,113,113,152,152,0,0,0.19007,0.00105
nuscenes_mini_subset,scene-0103_039,tx,lateral,0.05,m,0.07748,6.09833,5,265,265,113,113,152,152,0,0,0.18131,-0.00395
nuscenes_mini_subset,scene-0103_039,tx,lateral,0.1,m,0.07733,12.19752,5,265,265,113,113,152,152,0,0,0.17813,-0.00551
nuscenes_mini_subset,scene-0103_039,tx,lateral,0.2,m,0.0771,24.39853,5,263,265,113,113,150,152,0,0,0.18375,0.00582
nuscenes_mini_subset,scene-0103_039,ty,forward,0.02,m,0.07782,0.90552,5,265,265,113,113,152,152,0,0,0.19482,0.00552
nuscenes_mini_subset,scene-0103_039,ty,forward,0.05,m,0.07823,2.25468,5,265,265,113,113,152,152,0,0,0.19203,0.00156
nuscenes_mini_subset,scene-0103_039,ty,forward,0.1,m,0.07892,4.47936,5,265,265,113,113,152,152,0,0,0.19419,0.00735
nuscenes_mini_subset,scene-0103_039,ty,forward,0.2,m,0.08272,8.84146,5,265,265,113,113,152,152,0,0,0.1872,0.00095
nuscenes_mini_subset,scene-0103_039,tz,up,0.02,m,0.07811,2.46159,5,265,265,113,113,152,152,0,0,0.1919,0.00406
nuscenes_mini_subset,scene-0103_039,tz,up,0.05,m,0.07869,6.15265,5,265,265,113,113,152,152,0,0,0.19127,0.00333
nuscenes_mini_subset,scene-0103_039,tz,up,0.1,m,0.08168,12.30091,5,265,265,113,113,152,152,0,0,0.18886,0.00909
nuscenes_mini_subset,scene-0103_039,tz,up,0.2,m,0.08802,24.58428,5,265,265,113,113,152,152,0,0,0.18049,0.00611
nuscenes_mini_subset,scene-1094_000,none,-,0.0,-,0.10317,0.0,4,573,573,479,479,94,94,0,0,0.26577,0.0218
nuscenes_mini_subset,scene-1094_000,yaw,yaw,0.25,deg,0.10343,6.52231,4,572,573,478,479,94,94,0,0,0.26417,0.02418
nuscenes_mini_subset,scene-1094_000,yaw,yaw,0.5,deg,0.10346,13.04484,4,570,573,477,479,93,94,0,0,0.23392,0.00334
nuscenes_mini_subset,scene-1094_000,yaw,yaw,1.0,deg,0.10378,26.09204,4,558,573,469,479,89,94,0,0,0.25438,0.01373
nuscenes_mini_subset,scene-1094_000,yaw,yaw,2.0,deg,0.10427,52.20539,4,517,573,438,479,79,94,0,0,0.25097,0.01043
nuscenes_mini_subset,scene-1094_000,yaw,yaw,3.0,deg,0.10459,78.36398,4,484,573,411,479,73,94,0,0,0.26435,0.02755
nuscenes_mini_subset,scene-1094_000,pitch,roll,0.25,deg,0.10317,1.9372,4,573,573,479,479,94,94,0,0,0.27916,0.03786
nuscenes_mini_subset,scene-1094_000,pitch,roll,0.5,deg,0.1032,3.87439,4,573,573,479,479,94,94,0,0,0.28617,0.04754
nuscenes_mini_subset,scene-1094_000,pitch,roll,1.0,deg,0.10311,7.74869,4,572,573,478,479,94,94,0,0,0.25494,0.02536
nuscenes_mini_subset,scene-1094_000,pitch,roll,2.0,deg,0.10317,15.49674,4,571,573,477,479,94,94,0,0,0.22892,0.00635
nuscenes_mini_subset,scene-1094_000,pitch,roll,3.0,deg,0.10326,23.24354,4,558,573,475,479,83,94,0,0,0.21165,0.00015
nuscenes_mini_subset,scene-1094_000,roll,pitch,0.25,deg,0.10422,6.03956,4,573,573,479,479,94,94,0,0,0.29385,0.04061
nuscenes_mini_subset,scene-1094_000,roll,pitch,0.5,deg,0.10497,12.0749,4,573,573,479,479,94,94,0,0,0.28391,0.03971
nuscenes_mini_subset,scene-1094_000,roll,pitch,1.0,deg,0.10596,24.13406,4,544,573,450,479,94,94,0,0,0.28448,0.03193
nuscenes_mini_subset,scene-1094_000,roll,pitch,2.0,deg,0.1102,48.21432,4,506,573,441,479,65,94,0,0,0.25673,0.02746
nuscenes_mini_subset,scene-1094_000,roll,pitch,3.0,deg,0.11448,72.25894,4,460,573,430,479,30,94,0,0,0.19653,-0.00901
nuscenes_mini_subset,scene-1094_000,tx,lateral,0.02,m,0.1032,2.07143,4,573,573,479,479,94,94,0,0,0.27528,0.03348
nuscenes_mini_subset,scene-1094_000,tx,lateral,0.05,m,0.10326,5.17864,4,573,573,479,479,94,94,0,0,0.26471,0.02512
nuscenes_mini_subset,scene-1094_000,tx,lateral,0.1,m,0.1034,10.35754,4,573,573,479,479,94,94,0,0,0.25354,0.01452
nuscenes_mini_subset,scene-1094_000,tx,lateral,0.2,m,0.10326,20.71612,4,566,573,472,479,94,94,0,0,0.24581,0.01302
nuscenes_mini_subset,scene-1094_000,ty,forward,0.02,m,0.10355,0.71229,4,573,573,479,479,94,94,0,0,0.2667,0.02336
nuscenes_mini_subset,scene-1094_000,ty,forward,0.05,m,0.10407,1.77347,4,573,573,479,479,94,94,0,0,0.27,0.02509
nuscenes_mini_subset,scene-1094_000,ty,forward,0.1,m,0.10491,3.52308,4,573,573,479,479,94,94,0,0,0.26907,0.02772
nuscenes_mini_subset,scene-1094_000,ty,forward,0.2,m,0.10799,6.95303,4,573,573,479,479,94,94,0,0,0.25681,0.01772
nuscenes_mini_subset,scene-1094_000,tz,up,0.02,m,0.10398,2.07686,4,573,573,479,479,94,94,0,0,0.27418,0.02892
nuscenes_mini_subset,scene-1094_000,tz,up,0.05,m,0.10483,5.19175,4,573,573,479,479,94,94,0,0,0.28437,0.03613
nuscenes_mini_subset,scene-1094_000,tz,up,0.1,m,0.10593,10.38217,4,544,573,450,479,94,94,0,0,0.26988,0.01617
nuscenes_mini_subset,scene-1094_000,tz,up,0.2,m,0.1134,20.75905,4,544,573,450,479,94,94,0,0,0.2896,0.03554
nuscenes_mini_subset,scene-1094_001,none,-,0.0,-,0.10249,0.0,5,560,560,471,471,89,89,0,0,0.32622,0.04411
nuscenes_mini_subset,scene-1094_001,yaw,yaw,0.25,deg,0.10263,6.52439,5,559,560,470,471,89,89,0,0,0.28397,0.01606
nuscenes_mini_subset,scene-1094_001,yaw,yaw,0.5,deg,0.10269,13.04917,5,558,560,469,471,89,89,0,0,0.26404,0.00176
nuscenes_mini_subset,scene-1094_001,yaw,yaw,1.0,deg,0.10263,26.10139,5,553,560,464,471,89,89,0,0,0.27341,0.00335
nuscenes_mini_subset,scene-1094_001,yaw,yaw,2.0,deg,0.10283,52.22694,5,516,560,430,471,86,89,0,0,0.24764,0.00092
nuscenes_mini_subset,scene-1094_001,yaw,yaw,3.0,deg,0.10295,78.40065,5,458,560,381,471,77,89,0,0,0.23763,-0.01522
nuscenes_mini_subset,scene-1094_001,pitch,roll,0.25,deg,0.10254,1.9402,5,560,560,471,471,89,89,0,0,0.34829,0.0709
nuscenes_mini_subset,scene-1094_001,pitch,roll,0.5,deg,0.10251,3.88039,5,560,560,471,471,89,89,0,0,0.34548,0.06925
nuscenes_mini_subset,scene-1094_001,pitch,roll,1.0,deg,0.10249,7.7607,5,558,560,469,471,89,89,0,0,0.31461,0.0511
nuscenes_mini_subset,scene-1094_001,pitch,roll,2.0,deg,0.1024,15.52073,5,557,560,468,471,89,89,0,0,0.26494,0.00958
nuscenes_mini_subset,scene-1094_001,pitch,roll,3.0,deg,0.1024,23.27951,5,546,560,467,471,79,89,0,0,0.24499,0.00164
nuscenes_mini_subset,scene-1094_001,roll,pitch,0.25,deg,0.10352,6.03529,5,560,560,471,471,89,89,0,0,0.34213,0.06268
nuscenes_mini_subset,scene-1094_001,roll,pitch,0.5,deg,0.10424,12.06634,5,528,560,439,471,89,89,0,0,0.34515,0.06413
nuscenes_mini_subset,scene-1094_001,roll,pitch,1.0,deg,0.10525,24.11687,5,527,560,438,471,89,89,0,0,0.27366,-0.01099
nuscenes_mini_subset,scene-1094_001,roll,pitch,2.0,deg,0.10958,48.17961,5,475,560,413,471,62,89,0,0,0.28009,0.02917
nuscenes_mini_subset,scene-1094_001,roll,pitch,3.0,deg,0.1137,72.20634,5,426,560,396,471,30,89,0,0,0.25149,0.00467
nuscenes_mini_subset,scene-1094_001,tx,lateral,0.02,m,0.10251,2.05068,5,560,560,471,471,89,89,0,0,0.32342,0.04263
nuscenes_mini_subset,scene-1094_001,tx,lateral,0.05,m,0.10249,5.12677,5,560,560,471,471,89,89,0,0,0.29724,0.02289
nuscenes_mini_subset,scene-1094_001,tx,lateral,0.1,m,0.1024,10.25379,5,560,560,471,471,89,89,0,0,0.28385,0.01654
nuscenes_mini_subset,scene-1094_001,tx,lateral,0.2,m,0.10257,20.50858,5,545,560,456,471,89,89,0,0,0.2634,0.00691
nuscenes_mini_subset,scene-1094_001,ty,forward,0.02,m,0.10295,0.71166,5,560,560,471,471,89,89,0,0,0.32702,0.04415
nuscenes_mini_subset,scene-1094_001,ty,forward,0.05,m,0.10352,1.77199,5,560,560,471,471,89,89,0,0,0.33142,0.04917
nuscenes_mini_subset,scene-1094_001,ty,forward,0.1,m,0.10427,3.52046,5,560,560,471,471,89,89,0,0,0.31356,0.03171
nuscenes_mini_subset,scene-1094_001,ty,forward,0.2,m,0.10727,6.94903,5,560,560,471,471,89,89,0,0,0.29771,0.02188
nuscenes_mini_subset,scene-1094_001,tz,up,0.02,m,0.10326,2.05608,5,560,560,471,471,89,89,0,0,0.31996,0.03795
nuscenes_mini_subset,scene-1094_001,tz,up,0.05,m,0.1041,5.13981,5,531,560,442,471,89,89,0,0,0.32208,0.03801
nuscenes_mini_subset,scene-1094_001,tz,up,0.1,m,0.10511,10.27835,5,527,560,438,471,89,89,0,0,0.3112,0.02889
nuscenes_mini_subset,scene-1094_001,tz,up,0.2,m,0.11263,20.55158,5,516,560,427,471,89,89,0,0,0.30454,0.02273
nuscenes_mini_subset,scene-1094_002,none,-,0.0,-,0.10228,0.0,6,538,538,454,454,84,84,0,0,0.31787,0.03455
nuscenes_mini_subset,scene-1094_002,yaw,yaw,0.25,deg,0.10242,6.50849,6,538,538,454,454,84,84,0,0,0.29519,0.01089
nuscenes_mini_subset,scene-1094_002,yaw,yaw,0.5,deg,0.10242,13.01737,6,537,538,453,454,84,84,0,0,0.29351,0.01367
nuscenes_mini_subset,scene-1094_002,yaw,yaw,1.0,deg,0.10228,26.03778,6,530,538,448,454,82,84,0,0,0.29964,0.01369
nuscenes_mini_subset,scene-1094_002,yaw,yaw,2.0,deg,0.10207,52.0996,6,495,538,416,454,79,84,0,0,0.27033,-0.02549
nuscenes_mini_subset,scene-1094_002,yaw,yaw,3.0,deg,0.10202,78.20932,6,450,538,374,454,76,84,0,0,0.30816,0.0232
nuscenes_mini_subset,scene-1094_002,pitch,roll,0.25,deg,0.1023,1.92998,6,537,538,453,454,84,84,0,0,0.32173,0.03148
nuscenes_mini_subset,scene-1094_002,pitch,roll,0.5,deg,0.10233,3.85994,6,537,538,453,454,84,84,0,0,0.3428,0.04658
nuscenes_mini_subset,scene-1094_002,pitch,roll,1.0,deg,0.10228,7.7198,6,537,538,453,454,84,84,0,0,0.31055,0.02284
nuscenes_mini_subset,scene-1094_002,pitch,roll,2.0,deg,0.10219,15.43894,6,536,538,452,454,84,84,0,0,0.2757,-0.01119
nuscenes_mini_subset,scene-1094_002,pitch,roll,3.0,deg,0.10219,23.15684,6,512,538,445,454,67,84,0,0,0.29057,0.01959
nuscenes_mini_subset,scene-1094_002,roll,pitch,0.25,deg,0.10325,6.02379,6,536,538,452,454,84,84,0,0,0.3328,0.04007
nuscenes_mini_subset,scene-1094_002,roll,pitch,0.5,deg,0.10392,12.04349,6,536,538,452,454,84,84,0,0,0.33555,0.04365
nuscenes_mini_subset,scene-1094_002,roll,pitch,1.0,deg,0.10493,24.07178,6,536,538,452,454,84,84,0,0,0.27261,-0.01671
nuscenes_mini_subset,scene-1094_002,roll,pitch,2.0,deg,0.10925,48.09183,6,475,538,416,454,59,84,0,0,0.26666,0.00491
nuscenes_mini_subset,scene-1094_002,roll,pitch,3.0,deg,0.11322,72.07821,6,410,538,383,454,27,84,0,0,0.2719,0.02215
nuscenes_mini_subset,scene-1094_002,tx,lateral,0.02,m,0.1023,1.99582,6,538,538,454,454,84,84,0,0,0.30292,0.02171
nuscenes_mini_subset,scene-1094_002,tx,lateral,0.05,m,0.1023,4.98963,6,538,538,454,454,84,84,0,0,0.29811,0.01381
nuscenes_mini_subset,scene-1094_002,tx,lateral,0.1,m,0.10233,9.9795,6,537,538,453,454,84,84,0,0,0.27003,-0.01191
nuscenes_mini_subset,scene-1094_002,tx,lateral,0.2,m,0.10233,19.95997,6,523,538,439,454,84,84,0,0,0.28717,0.01452
nuscenes_mini_subset,scene-1094_002,ty,forward,0.02,m,0.10253,0.69776,6,538,538,454,454,84,84,0,0,0.31678,0.03224
nuscenes_mini_subset,scene-1094_002,ty,forward,0.05,m,0.10302,1.73753,6,538,538,454,454,84,84,0,0,0.31036,0.0228
nuscenes_mini_subset,scene-1094_002,ty,forward,0.1,m,0.1038,3.45244,6,538,538,454,454,84,84,0,0,0.30502,0.01607
nuscenes_mini_subset,scene-1094_002,ty,forward,0.2,m,0.10657,6.81656,6,537,538,453,454,84,84,0,0,0.29945,0.01161
nuscenes_mini_subset,scene-1094_002,tz,up,0.02,m,0.10302,2.00097,6,537,538,453,454,84,84,0,0,0.32556,0.04087
nuscenes_mini_subset,scene-1094_002,tz,up,0.05,m,0.10386,5.00207,6,536,538,452,454,84,84,0,0,0.32115,0.0288
nuscenes_mini_subset,scene-1094_002,tz,up,0.1,m,0.10484,10.00295,6,536,538,452,454,84,84,0,0,0.31441,0.02504
nuscenes_mini_subset,scene-1094_002,tz,up,0.2,m,0.11233,20.00118,6,517,538,433,454,84,84,0,0,0.34205,0.05064
nuscenes_mini_subset,scene-1094_003,none,-,0.0,-,0.10323,0.0,6,524,524,429,429,95,95,0,0,0.2958,0.02121
nuscenes_mini_subset,scene-1094_003,yaw,yaw,0.25,deg,0.10323,6.49702,6,523,524,429,429,94,95,0,0,0.29192,0.02458
nuscenes_mini_subset,scene-1094_003,yaw,yaw,0.5,deg,0.10329,12.99478,6,522,524,428,429,94,95,0,0,0.28866,0.0222
nuscenes_mini_subset,scene-1094_003,yaw,yaw,1.0,deg,0.10341,25.99396,6,512,524,426,429,86,95,0,0,0.28288,0.00563
nuscenes_mini_subset,scene-1094_003,yaw,yaw,2.0,deg,0.10347,52.01739,6,472,524,396,429,76,95,0,0,0.27336,-0.00337
nuscenes_mini_subset,scene-1094_003,yaw,yaw,3.0,deg,0.10309,78.09407,6,436,524,363,429,73,95,0,0,0.2638,-0.0038
nuscenes_mini_subset,scene-1094_003,pitch,roll,0.25,deg,0.10323,1.92648,6,524,524,429,429,95,95,0,0,0.29619,0.02136
nuscenes_mini_subset,scene-1094_003,pitch,roll,0.5,deg,0.10321,3.85294,6,524,524,429,429,95,95,0,0,0.30444,0.02626
nuscenes_mini_subset,scene-1094_003,pitch,roll,1.0,deg,0.10312,7.70578,6,523,524,428,429,95,95,0,0,0.2793,0.01371
nuscenes_mini_subset,scene-1094_003,pitch,roll,2.0,deg,0.10303,15.41088,6,521,524,428,429,93,95,0,0,0.2484,-0.01373
nuscenes_mini_subset,scene-1094_003,pitch,roll,3.0,deg,0.10306,23.11472,6,499,524,426,429,73,95,0,0,0.26168,0.00594
nuscenes_mini_subset,scene-1094_003,roll,pitch,0.25,deg,0.10427,6.01344,6,523,524,428,429,95,95,0,0,0.31722,0.03595
nuscenes_mini_subset,scene-1094_003,roll,pitch,0.5,deg,0.10496,12.02285,6,523,524,428,429,95,95,0,0,0.33444,0.05119
nuscenes_mini_subset,scene-1094_003,roll,pitch,1.0,deg,0.10594,24.0307,6,521,524,426,429,95,95,0,0,0.28422,0.01429
nuscenes_mini_subset,scene-1094_003,roll,pitch,2.0,deg,0.11021,48.01045,6,458,524,392,429,66,95,0,0,0.25458,0.01511
nuscenes_mini_subset,scene-1094_003,roll,pitch,3.0,deg,0.11413,71.95723,6,405,524,375,429,30,95,0,0,0.2194,-0.00375
nuscenes_mini_subset,scene-1094_003,tx,lateral,0.02,m,0.10321,1.96894,6,522,524,427,429,95,95,0,0,0.29535,0.01921
nuscenes_mini_subset,scene-1094_003,tx,lateral,0.05,m,0.10315,4.92242,6,521,524,426,429,95,95,0,0,0.28533,0.01229
nuscenes_mini_subset,scene-1094_003,tx,lateral,0.1,m,0.10298,9.84507,6,518,524,423,429,95,95,0,0,0.28205,0.01326
nuscenes_mini_subset,scene-1094_003,tx,lateral,0.2,m,0.10295,19.6911,6,508,524,413,429,95,95,0,0,0.27097,0.01087
nuscenes_mini_subset,scene-1094_003,ty,forward,0.02,m,0.10361,0.69178,6,524,524,429,429,95,95,0,0,0.29805,0.02314
nuscenes_mini_subset,scene-1094_003,ty,forward,0.05,m,0.10407,1.72267,6,524,524,429,429,95,95,0,0,0.29263,0.02026
nuscenes_mini_subset,scene-1094_003,ty,forward,0.1,m,0.10479,3.42299,6,524,524,429,429,95,95,0,0,0.29978,0.02737
nuscenes_mini_subset,scene-1094_003,ty,forward,0.2,m,0.10762,6.75867,6,524,524,429,429,95,95,0,0,0.28138,0.01096
nuscenes_mini_subset,scene-1094_003,tz,up,0.02,m,0.10404,1.9741,6,523,524,428,429,95,95,0,0,0.30373,0.02691
nuscenes_mini_subset,scene-1094_003,tz,up,0.05,m,0.10491,4.93491,6,523,524,428,429,95,95,0,0,0.32433,0.04909
nuscenes_mini_subset,scene-1094_003,tz,up,0.1,m,0.106,9.86864,6,523,524,428,429,95,95,0,0,0.32631,0.04288
nuscenes_mini_subset,scene-1094_003,tz,up,0.2,m,0.11341,19.73259,6,496,524,401,429,95,95,0,0,0.33489,0.04606
nuscenes_mini_subset,scene-1094_004,none,-,0.0,-,0.10374,0.0,5,510,510,415,415,95,95,0,0,0.33042,0.01898
nuscenes_mini_subset,scene-1094_004,yaw,yaw,0.25,deg,0.1036,6.49804,5,506,510,412,415,94,95,0,0,0.30356,0.00357
nuscenes_mini_subset,scene-1094_004,yaw,yaw,0.5,deg,0.10366,12.99694,5,506,510,412,415,94,95,0,0,0.3154,0.01874
nuscenes_mini_subset,scene-1094_004,yaw,yaw,1.0,deg,0.10349,25.99884,5,491,510,403,415,88,95,0,0,0.3314,0.01576
nuscenes_mini_subset,scene-1094_004,yaw,yaw,2.0,deg,0.10248,52.02937,5,467,510,383,415,84,95,0,0,0.33272,0.00448
nuscenes_mini_subset,scene-1094_004,yaw,yaw,3.0,deg,0.1017,78.11548,5,439,510,358,415,81,95,0,0,0.36063,0.03376
nuscenes_mini_subset,scene-1094_004,pitch,roll,0.25,deg,0.10366,1.93654,5,510,510,415,415,95,95,0,0,0.34271,0.025
nuscenes_mini_subset,scene-1094_004,pitch,roll,0.5,deg,0.10366,3.87307,5,510,510,415,415,95,95,0,0,0.35051,0.02962
nuscenes_mini_subset,scene-1094_004,pitch,roll,1.0,deg,0.10363,7.74604,5,508,510,413,415,95,95,0,0,0.32943,0.02524
nuscenes_mini_subset,scene-1094_004,pitch,roll,2.0,deg,0.1036,15.4914,5,499,510,407,415,92,95,0,0,0.32023,0.01486
nuscenes_mini_subset,scene-1094_004,pitch,roll,3.0,deg,0.1036,23.23548,5,482,510,407,415,75,95,0,0,0.32395,0.03023
nuscenes_mini_subset,scene-1094_004,roll,pitch,0.25,deg,0.10472,6.00534,5,507,510,412,415,95,95,0,0,0.40192,0.07361
nuscenes_mini_subset,scene-1094_004,roll,pitch,0.5,deg,0.10547,12.0067,5,506,510,411,415,95,95,0,0,0.36984,0.03239
nuscenes_mini_subset,scene-1094_004,roll,pitch,1.0,deg,0.10648,23.99863,5,504,510,410,415,94,95,0,0,0.32716,0.01823
nuscenes_mini_subset,scene-1094_004,roll,pitch,2.0,deg,0.11066,47.9472,5,447,510,379,415,68,95,0,0,0.29476,-0.0024
nuscenes_mini_subset,scene-1094_004,roll,pitch,3.0,deg,0.11492,71.86362,5,392,510,360,415,32,95,0,0,0.28621,-0.00149
nuscenes_mini_subset,scene-1094_004,tx,lateral,0.02,m,0.10363,1.95801,5,508,510,413,415,95,95,0,0,0.32439,0.01339
nuscenes_mini_subset,scene-1094_004,tx,lateral,0.05,m,0.10354,4.8951,5,508,510,413,415,95,95,0,0,0.33192,0.01667
nuscenes_mini_subset,scene-1094_004,tx,lateral,0.1,m,0.10351,9.79043,5,505,510,410,415,95,95,0,0,0.30877,0.01066
nuscenes_mini_subset,scene-1094_004,tx,lateral,0.2,m,0.10354,19.58178,5,496,510,401,415,95,95,0,0,0.28227,-0.01383
nuscenes_mini_subset,scene-1094_004,ty,forward,0.02,m,0.10409,0.70487,5,510,510,415,415,95,95,0,0,0.33349,0.02115
nuscenes_mini_subset,scene-1094_004,ty,forward,0.05,m,0.10449,1.75526,5,510,510,415,415,95,95,0,0,0.34078,0.03041
nuscenes_mini_subset,scene-1094_004,ty,forward,0.1,m,0.10536,3.48777,5,508,510,413,415,95,95,0,0,0.32885,0.02056
nuscenes_mini_subset,scene-1094_004,ty,forward,0.2,m,0.10806,6.88664,5,507,510,412,415,95,95,0,0,0.32073,0.01844
nuscenes_mini_subset,scene-1094_004,tz,up,0.02,m,0.10455,1.96301,5,508,510,413,415,95,95,0,0,0.3375,0.02599
nuscenes_mini_subset,scene-1094_004,tz,up,0.05,m,0.10541,4.90719,5,506,510,411,415,95,95,0,0,0.3596,0.04672
nuscenes_mini_subset,scene-1094_004,tz,up,0.1,m,0.10651,9.81324,5,506,510,411,415,95,95,0,0,0.39467,0.0719
nuscenes_mini_subset,scene-1094_004,tz,up,0.2,m,0.11391,19.6219,5,477,510,382,415,95,95,0,0,0.38244,0.04352
nuscenes_mini_subset,scene-1094_005,none,-,0.0,-,0.10209,0.0,5,548,548,429,429,119,119,0,0,0.39111,0.04506
nuscenes_mini_subset,scene-1094_005,yaw,yaw,0.25,deg,0.10209,6.45289,5,546,548,427,429,119,119,0,0,0.3524,0.01124
nuscenes_mini_subset,scene-1094_005,yaw,yaw,0.5,deg,0.10215,12.90572,5,541,548,422,429,119,119,0,0,0.31354,-0.02853
nuscenes_mini_subset,scene-1094_005,yaw,yaw,1.0,deg,0.10215,25.81263,5,526,548,408,429,118,119,0,0,0.33067,-0.02458
nuscenes_mini_subset,scene-1094_005,yaw,yaw,2.0,deg,0.10227,51.64165,5,487,548,372,429,115,119,0,0,0.36207,0.02425
nuscenes_mini_subset,scene-1094_005,yaw,yaw,3.0,deg,0.1027,77.51034,5,451,548,341,429,110,119,0,0,0.33547,0.01175
nuscenes_mini_subset,scene-1094_005,pitch,roll,0.25,deg,0.10215,1.91555,5,547,548,428,429,119,119,0,0,0.3982,0.04935
nuscenes_mini_subset,scene-1094_005,pitch,roll,0.5,deg,0.10221,3.83109,5,547,548,428,429,119,119,0,0,0.39264,0.03755
nuscenes_mini_subset,scene-1094_005,pitch,roll,1.0,deg,0.10227,7.6621,5,547,548,428,429,119,119,0,0,0.3816,0.02414
nuscenes_mini_subset,scene-1094_005,pitch,roll,2.0,deg,0.10224,15.32358,5,532,548,423,429,109,119,0,0,0.35455,0.01178
nuscenes_mini_subset,scene-1094_005,pitch,roll,3.0,deg,0.1023,22.98384,5,512,548,421,429,91,119,0,0,0.32303,0.00573
nuscenes_mini_subset,scene-1094_005,roll,pitch,0.25,deg,0.10319,5.98391,5,548,548,429,429,119,119,0,0,0.41804,0.06257
nuscenes_mini_subset,scene-1094_005,roll,pitch,0.5,deg,0.10388,11.96377,5,548,548,429,429,119,119,0,0,0.39099,0.03374
nuscenes_mini_subset,scene-1094_005,roll,pitch,1.0,deg,0.10486,23.91245,5,490,548,399,429,91,119,0,0,0.36028,0.01741
nuscenes_mini_subset,scene-1094_005,roll,pitch,2.0,deg,0.10903,47.77349,5,485,548,394,429,91,119,0,0,0.32664,0.00046
nuscenes_mini_subset,scene-1094_005,roll,pitch,3.0,deg,0.11294,71.60085,5,432,548,378,429,54,119,0,0,0.30281,0.00453
nuscenes_mini_subset,scene-1094_005,tx,lateral,0.02,m,0.10218,1.86835,5,548,548,429,429,119,119,0,0,0.38848,0.03881
nuscenes_mini_subset,scene-1094_005,tx,lateral,0.05,m,0.10212,4.67094,5,548,548,429,429,119,119,0,0,0.38142,0.03291
nuscenes_mini_subset,scene-1094_005,tx,lateral,0.1,m,0.10238,9.3421,5,548,548,429,429,119,119,0,0,0.38411,0.03557
nuscenes_mini_subset,scene-1094_005,tx,lateral,0.2,m,0.10284,18.68507,5,539,548,420,429,119,119,0,0,0.36096,0.02807
nuscenes_mini_subset,scene-1094_005,ty,forward,0.02,m,0.1025,0.66838,5,548,548,429,429,119,119,0,0,0.38679,0.04131
nuscenes_mini_subset,scene-1094_005,ty,forward,0.05,m,0.10307,1.66475,5,548,548,429,429,119,119,0,0,0.38988,0.04201
nuscenes_mini_subset,scene-1094_005,ty,forward,0.1,m,0.10402,3.30909,5,548,548,429,429,119,119,0,0,0.36848,0.0245
nuscenes_mini_subset,scene-1094_005,ty,forward,0.2,m,0.10702,6.53833,5,548,548,429,429,119,119,0,0,0.36705,0.02524
nuscenes_mini_subset,scene-1094_005,tz,up,0.02,m,0.10293,1.87317,5,548,548,429,429,119,119,0,0,0.38645,0.03911
nuscenes_mini_subset,scene-1094_005,tz,up,0.05,m,0.10382,4.68262,5,548,548,429,429,119,119,0,0,0.39167,0.04449
nuscenes_mini_subset,scene-1094_005,tz,up,0.1,m,0.10471,9.36421,5,545,548,426,429,119,119,0,0,0.40294,0.05823
nuscenes_mini_subset,scene-1094_005,tz,up,0.2,m,0.11208,18.72431,5,515,548,396,429,119,119,0,0,0.41641,0.0524
nuscenes_mini_subset,scene-1094_006,none,-,0.0,-,0.10384,0.0,5,550,550,415,415,135,135,0,0,0.34052,0.02133
nuscenes_mini_subset,scene-1094_006,yaw,yaw,0.25,deg,0.10398,6.45318,5,550,550,415,415,135,135,0,0,0.31813,0.00682
nuscenes_mini_subset,scene-1094_006,yaw,yaw,0.5,deg,0.10427,12.90659,5,547,550,413,415,134,135,0,0,0.31481,0.01231
nuscenes_mini_subset,scene-1094_006,yaw,yaw,1.0,deg,0.10462,25.81555,5,538,550,407,415,131,135,0,0,0.32112,0.02449
nuscenes_mini_subset,scene-1094_006,yaw,yaw,2.0,deg,0.10485,51.65224,5,512,550,391,415,121,135,0,0,0.29301,-0.00287
nuscenes_mini_subset,scene-1094_006,yaw,yaw,3.0,deg,0.10468,77.53339,5,476,550,370,415,106,135,0,0,0.32872,0.04114
nuscenes_mini_subset,scene-1094_006,pitch,roll,0.25,deg,0.10387,1.92582,5,550,550,415,415,135,135,0,0,0.34813,0.02624
nuscenes_mini_subset,scene-1094_006,pitch,roll,0.5,deg,0.10393,3.85163,5,550,550,415,415,135,135,0,0,0.32313,0.00571
nuscenes_mini_subset,scene-1094_006,pitch,roll,1.0,deg,0.10401,7.70316,5,550,550,415,415,135,135,0,0,0.32837,0.01407
nuscenes_mini_subset,scene-1094_006,pitch,roll,2.0,deg,0.1041,15.40568,5,541,550,415,415,126,135,0,0,0.32175,0.01144
nuscenes_mini_subset,scene-1094_006,pitch,roll,3.0,deg,0.10413,23.10695,5,526,550,414,415,112,135,0,0,0.27823,-0.00882
nuscenes_mini_subset,scene-1094_006,roll,pitch,0.25,deg,0.10499,5.96533,5,550,550,415,415,135,135,0,0,0.35024,0.03238
nuscenes_mini_subset,scene-1094_006,roll,pitch,0.5,deg,0.10583,11.9267,5,550,550,415,415,135,135,0,0,0.34775,0.03399
nuscenes_mini_subset,scene-1094_006,roll,pitch,1.0,deg,0.10684,23.83864,5,548,550,415,415,133,135,0,0,0.34722,0.0248
nuscenes_mini_subset,scene-1094_006,roll,pitch,2.0,deg,0.11139,47.62708,5,481,550,382,415,99,135,0,0,0.3219,0.01552
nuscenes_mini_subset,scene-1094_006,roll,pitch,3.0,deg,0.1154,71.38291,5,408,550,369,415,39,135,0,0,0.25868,0.00035
nuscenes_mini_subset,scene-1094_006,tx,lateral,0.02,m,0.10378,1.7972,5,550,550,415,415,135,135,0,0,0.33778,0.01806
nuscenes_mini_subset,scene-1094_006,tx,lateral,0.05,m,0.10378,4.49305,5,550,550,415,415,135,135,0,0,0.34761,0.0266
nuscenes_mini_subset,scene-1094_006,tx,lateral,0.1,m,0.10372,8.9863,5,550,550,415,415,135,135,0,0,0.3323,0.01253
nuscenes_mini_subset,scene-1094_006,tx,lateral,0.2,m,0.10375,17.97339,5,547,550,413,415,134,135,0,0,0.34212,0.01469
nuscenes_mini_subset,scene-1094_006,ty,forward,0.02,m,0.10416,0.62514,5,550,550,415,415,135,135,0,0,0.3419,0.02207
nuscenes_mini_subset,scene-1094_006,ty,forward,0.05,m,0.1047,1.55749,5,550,550,415,415,135,135,0,0,0.34453,0.02369
nuscenes_mini_subset,scene-1094_006,ty,forward,0.1,m,0.10571,3.09727,5,550,550,415,415,135,135,0,0,0.34228,0.02174
nuscenes_mini_subset,scene-1094_006,ty,forward,0.2,m,0.10776,6.1252,5,550,550,415,415,135,135,0,0,0.33929,0.01768
nuscenes_mini_subset,scene-1094_006,tz,up,0.02,m,0.10473,1.80229,5,550,550,415,415,135,135,0,0,0.33773,0.01599
nuscenes_mini_subset,scene-1094_006,tz,up,0.05,m,0.10568,4.50543,5,550,550,415,415,135,135,0,0,0.34007,0.02095
nuscenes_mini_subset,scene-1094_006,tz,up,0.1,m,0.10675,9.00984,5,550,550,415,415,135,135,0,0,0.3463,0.02834
nuscenes_mini_subset,scene-1094_006,tz,up,0.2,m,0.11402,18.01563,5,522,550,387,415,135,135,0,0,0.3593,0.03426
nuscenes_mini_subset,scene-1094_007,none,-,0.0,-,0.10593,0.0,3,572,572,462,462,110,110,0,0,0.35048,0.02071
nuscenes_mini_subset,scene-1094_007,yaw,yaw,0.25,deg,0.10596,6.47252,3,571,572,462,462,109,110,0,0,0.32075,-0.00579
nuscenes_mini_subset,scene-1094_007,yaw,yaw,0.5,deg,0.10588,12.94571,3,566,572,460,462,106,110,0,0,0.30299,-0.01509
nuscenes_mini_subset,scene-1094_007,yaw,yaw,1.0,deg,0.10593,25.89552,3,551,572,454,462,97,110,0,0,0.30404,-0.0224
nuscenes_mini_subset,scene-1094_007,yaw,yaw,2.0,deg,0.10602,51.81923,3,518,572,434,462,84,110,0,0,0.33772,0.01118
nuscenes_mini_subset,scene-1094_007,yaw,yaw,3.0,deg,0.10605,77.79476,3,486,572,414,462,72,110,0,0,0.33216,-0.00617
nuscenes_mini_subset,scene-1094_007,pitch,roll,0.25,deg,0.1059,1.95177,3,572,572,462,462,110,110,0,0,0.35269,0.02648
nuscenes_mini_subset,scene-1094_007,pitch,roll,0.5,deg,0.1059,3.90353,3,572,572,462,462,110,110,0,0,0.34113,0.01804
nuscenes_mini_subset,scene-1094_007,pitch,roll,1.0,deg,0.10611,7.80696,3,572,572,462,462,110,110,0,0,0.34697,0.02444
nuscenes_mini_subset,scene-1094_007,pitch,roll,2.0,deg,0.10602,15.61323,3,545,572,442,462,103,110,0,0,0.34972,0.03407
nuscenes_mini_subset,scene-1094_007,pitch,roll,3.0,deg,0.10602,23.41822,3,536,572,433,462,103,110,0,0,0.31032,0.00669
nuscenes_mini_subset,scene-1094_007,roll,pitch,0.25,deg,0.10691,5.96556,3,572,572,462,462,110,110,0,0,0.37785,0.03348
nuscenes_mini_subset,scene-1094_007,roll,pitch,0.5,deg,0.10763,11.92712,3,552,572,442,462,110,110,0,0,0.36434,0.03243
nuscenes_mini_subset,scene-1094_007,roll,pitch,1.0,deg,0.10861,23.83933,3,536,572,433,462,103,110,0,0,0.34955,0.03455
nuscenes_mini_subset,scene-1094_007,roll,pitch,2.0,deg,0.1131,47.62788,3,508,572,405,462,103,110,0,0,0.25595,-0.02337
nuscenes_mini_subset,scene-1094_007,roll,pitch,3.0,deg,0.11699,71.38325,3,464,572,404,462,60,110,0,0,0.26579,0.00034
nuscenes_mini_subset,scene-1094_007,tx,lateral,0.02,m,0.10588,1.90333,3,572,572,462,462,110,110,0,0,0.33983,0.01227
nuscenes_mini_subset,scene-1094_007,tx,lateral,0.05,m,0.10579,4.75838,3,572,572,462,462,110,110,0,0,0.32627,0.00093
nuscenes_mini_subset,scene-1094_007,tx,lateral,0.1,m,0.10573,9.51695,3,572,572,462,462,110,110,0,0,0.33903,0.0122
nuscenes_mini_subset,scene-1094_007,tx,lateral,0.2,m,0.10579,19.0347,3,567,572,457,462,110,110,0,0,0.32039,0.0106
nuscenes_mini_subset,scene-1094_007,ty,forward,0.02,m,0.10628,0.67727,3,572,572,462,462,110,110,0,0,0.34696,0.01866
nuscenes_mini_subset,scene-1094_007,ty,forward,0.05,m,0.10685,1.68706,3,572,572,462,462,110,110,0,0,0.33876,0.01288
nuscenes_mini_subset,scene-1094_007,ty,forward,0.1,m,0.10769,3.35404,3,572,572,462,462,110,110,0,0,0.34248,0.01938
nuscenes_mini_subset,scene-1094_007,ty,forward,0.2,m,0.11146,6.62946,3,572,572,462,462,110,110,0,0,0.3368,0.01665
nuscenes_mini_subset,scene-1094_007,tz,up,0.02,m,0.10671,1.90861,3,572,572,462,462,110,110,0,0,0.35932,0.02971
nuscenes_mini_subset,scene-1094_007,tz,up,0.05,m,0.1076,4.7712,3,561,572,451,462,110,110,0,0,0.35786,0.02331
nuscenes_mini_subset,scene-1094_007,tz,up,0.1,m,0.10858,9.54129,3,545,572,435,462,110,110,0,0,0.36793,0.0334
nuscenes_mini_subset,scene-1094_007,tz,up,0.2,m,0.11647,19.07818,3,539,572,429,462,110,110,0,0,0.37501,0.03564
nuscenes_mini_subset,scene-1094_008,none,-,0.0,-,0.10491,0.0,5,612,612,501,501,111,111,0,0,0.3971,0.03789
nuscenes_mini_subset,scene-1094_008,yaw,yaw,0.25,deg,0.10517,6.48604,5,610,612,501,501,109,111,0,0,0.40238,0.02926
nuscenes_mini_subset,scene-1094_008,yaw,yaw,0.5,deg,0.10503,12.97296,5,606,612,500,501,106,111,0,0,0.36519,0.00162
nuscenes_mini_subset,scene-1094_008,yaw,yaw,1.0,deg,0.10509,25.95089,5,594,612,494,501,100,111,0,0,0.34779,-0.01038
nuscenes_mini_subset,scene-1094_008,yaw,yaw,2.0,deg,0.10494,51.93351,5,556,612,473,501,83,111,0,0,0.35846,-0.01774
nuscenes_mini_subset,scene-1094_008,yaw,yaw,3.0,deg,0.10512,77.97166,5,509,612,444,501,65,111,0,0,0.36485,0.00189
nuscenes_mini_subset,scene-1094_008,pitch,roll,0.25,deg,0.10503,1.94714,5,611,612,501,501,110,111,0,0,0.38687,0.02988
nuscenes_mini_subset,scene-1094_008,pitch,roll,0.5,deg,0.10509,3.89426,5,611,612,501,501,110,111,0,0,0.39055,0.02913
nuscenes_mini_subset,scene-1094_008,pitch,roll,1.0,deg,0.10517,7.78843,5,611,612,501,501,110,111,0,0,0.40701,0.05012
nuscenes_mini_subset,scene-1094_008,pitch,roll,2.0,deg,0.10517,15.57617,5,609,612,501,501,108,111,0,0,0.35454,-0.00852
nuscenes_mini_subset,scene-1094_008,pitch,roll,3.0,deg,0.10529,23.36261,5,578,612,476,501,102,111,0,0,0.34851,0.00959
nuscenes_mini_subset,scene-1094_008,roll,pitch,0.25,deg,0.10604,5.98423,5,612,612,501,501,111,111,0,0,0.43777,0.06416
nuscenes_mini_subset,scene-1094_008,roll,pitch,0.5,deg,0.10684,11.96441,5,612,612,501,501,111,111,0,0,0.41218,0.03662
nuscenes_mini_subset,scene-1094_008,roll,pitch,1.0,deg,0.10779,23.91379,5,592,612,481,501,111,111,0,0,0.35727,-0.01289
nuscenes_mini_subset,scene-1094_008,roll,pitch,2.0,deg,0.11234,47.77635,5,519,612,455,501,64,111,0,0,0.36162,0.02992
nuscenes_mini_subset,scene-1094_008,roll,pitch,3.0,deg,0.11614,71.60544,5,482,612,432,501,50,111,0,0,0.33396,0.0016
nuscenes_mini_subset,scene-1094_008,tx,lateral,0.02,m,0.10503,2.00844,5,612,612,501,501,111,111,0,0,0.4039,0.03896
nuscenes_mini_subset,scene-1094_008,tx,lateral,0.05,m,0.10497,5.02117,5,612,612,501,501,111,111,0,0,0.40684,0.03718
nuscenes_mini_subset,scene-1094_008,tx,lateral,0.1,m,0.105,10.04255,5,612,612,501,501,111,111,0,0,0.41621,0.03862
nuscenes_mini_subset,scene-1094_008,tx,lateral,0.2,m,0.10491,20.086,5,612,612,501,501,111,111,0,0,0.37126,0.01491
nuscenes_mini_subset,scene-1094_008,ty,forward,0.02,m,0.10532,0.74036,5,612,612,501,501,111,111,0,0,0.39527,0.0349
nuscenes_mini_subset,scene-1094_008,ty,forward,0.05,m,0.10595,1.84375,5,612,612,501,501,111,111,0,0,0.39459,0.03254
nuscenes_mini_subset,scene-1094_008,ty,forward,0.1,m,0.1067,3.66396,5,612,612,501,501,111,111,0,0,0.39337,0.03622
nuscenes_mini_subset,scene-1094_008,ty,forward,0.2,m,0.11001,7.23584,5,612,612,501,501,111,111,0,0,0.38915,0.02968
nuscenes_mini_subset,scene-1094_008,tz,up,0.02,m,0.10575,2.01408,5,612,612,501,501,111,111,0,0,0.41772,0.05811
nuscenes_mini_subset,scene-1094_008,tz,up,0.05,m,0.10673,5.03484,5,612,612,501,501,111,111,0,0,0.40908,0.04476
nuscenes_mini_subset,scene-1094_008,tz,up,0.1,m,0.10762,10.06846,5,612,612,501,501,111,111,0,0,0.43411,0.06031
nuscenes_mini_subset,scene-1094_008,tz,up,0.2,m,0.11525,20.13206,5,568,612,457,501,111,111,0,0,0.40992,0.02866
nuscenes_mini_subset,scene-1094_009,none,-,0.0,-,0.10426,0.0,4,421,421,326,326,95,95,0,0,0.40392,0.02524
nuscenes_mini_subset,scene-1094_009,yaw,yaw,0.25,deg,0.10423,6.48281,4,413,421,318,326,95,95,0,0,0.39716,0.01491
nuscenes_mini_subset,scene-1094_009,yaw,yaw,0.5,deg,0.10438,12.96599,4,409,421,314,326,95,95,0,0,0.36681,-0.00654
nuscenes_mini_subset,scene-1094_009,yaw,yaw,1.0,deg,0.10464,25.93494,4,398,421,305,326,93,95,0,0,0.36561,-0.00441
nuscenes_mini_subset,scene-1094_009,yaw,yaw,2.0,deg,0.10472,51.89356,4,356,421,272,326,84,95,0,0,0.40461,0.0185
nuscenes_mini_subset,scene-1094_009,yaw,yaw,3.0,deg,0.10487,77.89956,4,302,421,227,326,75,95,0,0,0.39577,0.01568
nuscenes_mini_subset,scene-1094_009,pitch,roll,0.25,deg,0.10423,1.93505,4,419,421,324,326,95,95,0,0,0.41339,0.03155
nuscenes_mini_subset,scene-1094_009,pitch,roll,0.5,deg,0.10435,3.8701,4,418,421,323,326,95,95,0,0,0.40772,0.02688
nuscenes_mini_subset,scene-1094_009,pitch,roll,1.0,deg,0.10441,7.74011,4,416,421,321,326,95,95,0,0,0.41145,0.03441
nuscenes_mini_subset,scene-1094_009,pitch,roll,2.0,deg,0.10438,15.47958,4,413,421,318,326,95,95,0,0,0.42123,0.04782
nuscenes_mini_subset,scene-1094_009,pitch,roll,3.0,deg,0.10455,23.21783,4,393,421,311,326,82,95,0,0,0.40502,0.03747
nuscenes_mini_subset,scene-1094_009,roll,pitch,0.25,deg,0.10533,5.9925,4,421,421,326,326,95,95,0,0,0.42396,0.03573
nuscenes_mini_subset,scene-1094_009,roll,pitch,0.5,deg,0.10611,11.98087,4,421,421,326,326,95,95,0,0,0.39327,0.01729
nuscenes_mini_subset,scene-1094_009,roll,pitch,1.0,deg,0.10711,23.94638,4,421,421,326,326,95,95,0,0,0.38782,0.0143
nuscenes_mini_subset,scene-1094_009,roll,pitch,2.0,deg,0.11141,47.84026,4,390,421,310,326,80,95,0,0,0.36585,0.00776
nuscenes_mini_subset,scene-1094_009,roll,pitch,3.0,deg,0.11521,71.69945,4,321,421,282,326,39,95,0,0,0.33164,0.00215
nuscenes_mini_subset,scene-1094_009,tx,lateral,0.02,m,0.10429,2.04043,4,421,421,326,326,95,95,0,0,0.41374,0.03426
nuscenes_mini_subset,scene-1094_009,tx,lateral,0.05,m,0.10426,5.10111,4,421,421,326,326,95,95,0,0,0.42501,0.04061
nuscenes_mini_subset,scene-1094_009,tx,lateral,0.1,m,0.10444,10.20234,4,421,421,326,326,95,95,0,0,0.43538,0.05112
nuscenes_mini_subset,scene-1094_009,tx,lateral,0.2,m,0.10446,20.40519,4,413,421,318,326,95,95,0,0,0.37872,0.02288
nuscenes_mini_subset,scene-1094_009,ty,forward,0.02,m,0.10455,0.75671,4,421,421,326,326,95,95,0,0,0.41056,0.03187
nuscenes_mini_subset,scene-1094_009,ty,forward,0.05,m,0.10516,1.88426,4,421,421,326,326,95,95,0,0,0.40678,0.02652
nuscenes_mini_subset,scene-1094_009,ty,forward,0.1,m,0.10622,3.74378,4,421,421,326,326,95,95,0,0,0.40653,0.02488
nuscenes_mini_subset,scene-1094_009,ty,forward,0.2,m,0.10896,7.39093,4,421,421,326,326,95,95,0,0,0.42523,0.04726
nuscenes_mini_subset,scene-1094_009,tz,up,0.02,m,0.1051,2.04609,4,421,421,326,326,95,95,0,0,0.40561,0.02074
nuscenes_mini_subset,scene-1094_009,tz,up,0.05,m,0.10608,5.11484,4,421,421,326,326,95,95,0,0,0.42173,0.0337
nuscenes_mini_subset,scene-1094_009,tz,up,0.1,m,0.10703,10.2284,4,421,421,326,326,95,95,0,0,0.42998,0.03957
nuscenes_mini_subset,scene-1094_009,tz,up,0.2,m,0.11452,20.45175,4,416,421,321,326,95,95,0,0,0.4095,0.02715
nuscenes_mini_subset,scene-1094_010,none,-,0.0,-,0.10355,0.0,6,332,332,150,150,182,182,0,0,0.37963,0.03628
nuscenes_mini_subset,scene-1094_010,yaw,yaw,0.25,deg,0.10358,6.49362,6,327,332,145,150,182,182,0,0,0.35961,0.02822
nuscenes_mini_subset,scene-1094_010,yaw,yaw,0.5,deg,0.10361,12.98771,6,320,332,138,150,182,182,0,0,0.35529,0.03574
nuscenes_mini_subset,scene-1094_010,yaw,yaw,1.0,deg,0.10378,25.97872,6,308,332,126,150,182,182,0,0,0.33045,0.00405
nuscenes_mini_subset,scene-1094_010,yaw,yaw,2.0,deg,0.10404,51.98251,6,267,332,99,150,168,182,0,0,0.3605,0.04047
nuscenes_mini_subset,scene-1094_010,yaw,yaw,3.0,deg,0.1043,78.03514,6,215,332,62,150,153,182,0,0,0.34612,0.01598
nuscenes_mini_subset,scene-1094_010,pitch,roll,0.25,deg,0.10361,1.94561,6,332,332,150,150,182,182,0,0,0.37038,0.03209
nuscenes_mini_subset,scene-1094_010,pitch,roll,0.5,deg,0.10364,3.89121,6,331,332,149,150,182,182,0,0,0.37732,0.04011
nuscenes_mini_subset,scene-1094_010,pitch,roll,1.0,deg,0.10364,7.78234,6,330,332,148,150,182,182,0,0,0.38628,0.04478
nuscenes_mini_subset,scene-1094_010,pitch,roll,2.0,deg,0.10364,15.56411,6,327,332,147,150,180,182,0,0,0.35504,0.02987
nuscenes_mini_subset,scene-1094_010,pitch,roll,3.0,deg,0.10358,23.34469,6,317,332,144,150,173,182,0,0,0.31137,-0.00189
nuscenes_mini_subset,scene-1094_010,roll,pitch,0.25,deg,0.10462,6.0045,6,332,332,150,150,182,182,0,0,0.39923,0.06881
nuscenes_mini_subset,scene-1094_010,roll,pitch,0.5,deg,0.10545,12.00471,6,332,332,150,150,182,182,0,0,0.37661,0.03581
nuscenes_mini_subset,scene-1094_010,roll,pitch,1.0,deg,0.10632,23.99343,6,317,332,143,150,174,182,0,0,0.37011,0.02074
nuscenes_mini_subset,scene-1094_010,roll,pitch,2.0,deg,0.11064,47.93186,6,279,332,128,150,151,182,0,0,0.35842,0.02539
nuscenes_mini_subset,scene-1094_010,roll,pitch,3.0,deg,0.11468,71.83319,6,233,332,128,150,105,182,0,0,0.30438,0.02299
nuscenes_mini_subset,scene-1094_010,tx,lateral,0.02,m,0.10355,2.09589,6,332,332,150,150,182,182,0,0,0.38354,0.04122
nuscenes_mini_subset,scene-1094_010,tx,lateral,0.05,m,0.10355,5.23968,6,332,332,150,150,182,182,0,0,0.3792,0.04093
nuscenes_mini_subset,scene-1094_010,tx,lateral,0.1,m,0.10361,10.47925,6,331,332,149,150,182,182,0,0,0.36262,0.03527
nuscenes_mini_subset,scene-1094_010,tx,lateral,0.2,m,0.10367,20.95805,6,327,332,147,150,180,182,0,0,0.33141,0.01694
nuscenes_mini_subset,scene-1094_010,ty,forward,0.02,m,0.10401,0.76404,6,332,332,150,150,182,182,0,0,0.37686,0.03396
nuscenes_mini_subset,scene-1094_010,ty,forward,0.05,m,0.10447,1.90265,6,332,332,150,150,182,182,0,0,0.37491,0.03595
nuscenes_mini_subset,scene-1094_010,ty,forward,0.1,m,0.10554,3.78081,6,332,332,150,150,182,182,0,0,0.35724,0.02163
nuscenes_mini_subset,scene-1094_010,ty,forward,0.2,m,0.10822,7.46587,6,331,332,149,150,182,182,0,0,0.34781,0.01338
nuscenes_mini_subset,scene-1094_010,tz,up,0.02,m,0.10442,2.10135,6,332,332,150,150,182,182,0,0,0.39686,0.05688
nuscenes_mini_subset,scene-1094_010,tz,up,0.05,m,0.10537,5.253,6,332,332,150,150,182,182,0,0,0.38662,0.04959
nuscenes_mini_subset,scene-1094_010,tz,up,0.1,m,0.10626,10.50477,6,332,332,150,150,182,182,0,0,0.38442,0.05683
nuscenes_mini_subset,scene-1094_010,tz,up,0.2,m,0.11384,21.00463,6,321,332,143,150,178,182,0,0,0.37648,0.03712
nuscenes_mini_subset,scene-1094_011,none,-,0.0,-,0.1026,0.0,5,307,307,128,128,179,179,0,0,0.28364,0.01488
nuscenes_mini_subset,scene-1094_011,yaw,yaw,0.25,deg,0.10283,6.48117,5,305,307,126,128,179,179,0,0,0.26758,0.00296
nuscenes_mini_subset,scene-1094_011,yaw,yaw,0.5,deg,0.10283,12.96265,5,303,307,124,128,179,179,0,0,0.26702,0.00041
nuscenes_mini_subset,scene-1094_011,yaw,yaw,1.0,deg,0.10318,25.92805,5,295,307,118,128,177,179,0,0,0.26886,0.00643
nuscenes_mini_subset,scene-1094_011,yaw,yaw,2.0,deg,0.10375,51.87883,5,268,307,100,128,168,179,0,0,0.26654,0.00855
nuscenes_mini_subset,scene-1094_011,yaw,yaw,3.0,deg,0.10396,77.87591,5,233,307,76,128,157,179,0,0,0.24825,-0.00383
nuscenes_mini_subset,scene-1094_011,pitch,roll,0.25,deg,0.10257,1.93383,5,307,307,128,128,179,179,0,0,0.27955,0.00785
nuscenes_mini_subset,scene-1094_011,pitch,roll,0.5,deg,0.10257,3.86766,5,307,307,128,128,179,179,0,0,0.25855,-0.01023
nuscenes_mini_subset,scene-1094_011,pitch,roll,1.0,deg,0.10263,7.73527,5,307,307,128,128,179,179,0,0,0.25353,-0.00914
nuscenes_mini_subset,scene-1094_011,pitch,roll,2.0,deg,0.10257,15.47003,5,307,307,128,128,179,179,0,0,0.25136,-0.01719
nuscenes_mini_subset,scene-1094_011,pitch,roll,3.0,deg,0.10246,23.20369,5,284,307,112,128,172,179,0,0,0.26638,0.01539
nuscenes_mini_subset,scene-1094_011,roll,pitch,0.25,deg,0.10364,6.00268,5,307,307,128,128,179,179,0,0,0.2685,-0.00727
nuscenes_mini_subset,scene-1094_011,roll,pitch,0.5,deg,0.10439,12.0009,5,307,307,128,128,179,179,0,0,0.27017,1e-05
nuscenes_mini_subset,scene-1094_011,roll,pitch,1.0,deg,0.10528,23.98511,5,298,307,122,128,176,179,0,0,0.29079,0.01806
nuscenes_mini_subset,scene-1094_011,roll,pitch,2.0,deg,0.10975,47.91245,5,243,307,94,128,149,179,0,0,0.2454,0.00972
nuscenes_mini_subset,scene-1094_011,roll,pitch,3.0,deg,0.11376,71.79986,5,186,307,73,128,113,179,0,0,0.17855,-0.01773
nuscenes_mini_subset,scene-1094_011,tx,lateral,0.02,m,0.10254,2.08037,5,307,307,128,128,179,179,0,0,0.28818,0.01815
nuscenes_mini_subset,scene-1094_011,tx,lateral,0.05,m,0.10254,5.20083,5,307,307,128,128,179,179,0,0,0.28915,0.01791
nuscenes_mini_subset,scene-1094_011,tx,lateral,0.1,m,0.10243,10.40133,5,307,307,128,128,179,179,0,0,0.28699,0.01096
nuscenes_mini_subset,scene-1094_011,tx,lateral,0.2,m,0.10246,20.80128,5,307,307,128,128,179,179,0,0,0.27822,0.00803
nuscenes_mini_subset,scene-1094_011,ty,forward,0.02,m,0.10292,0.75088,5,307,307,128,128,179,179,0,0,0.28735,0.01819
nuscenes_mini_subset,scene-1094_011,ty,forward,0.05,m,0.10349,1.87023,5,307,307,128,128,179,179,0,0,0.28492,0.01754
nuscenes_mini_subset,scene-1094_011,ty,forward,0.1,m,0.10433,3.71745,5,307,307,128,128,179,179,0,0,0.28732,0.0194
nuscenes_mini_subset,scene-1094_011,ty,forward,0.2,m,0.10713,7.34493,5,307,307,128,128,179,179,0,0,0.2807,0.01282
nuscenes_mini_subset,scene-1094_011,tz,up,0.02,m,0.10341,2.08587,5,307,307,128,128,179,179,0,0,0.27757,0.01037
nuscenes_mini_subset,scene-1094_011,tz,up,0.05,m,0.10436,5.21433,5,307,307,128,128,179,179,0,0,0.2629,-0.00659
nuscenes_mini_subset,scene-1094_011,tz,up,0.1,m,0.10528,10.42749,5,307,307,128,128,179,179,0,0,0.2587,-0.02153
nuscenes_mini_subset,scene-1094_011,tz,up,0.2,m,0.11289,20.85028,5,301,307,122,128,179,179,0,0,0.25824,-0.00182
nuscenes_mini_subset,scene-1094_012,none,-,0.0,-,0.09738,0.0,7,407,407,206,206,201,201,0,0,0.22631,0.00786
nuscenes_mini_subset,scene-1094_012,yaw,yaw,0.25,deg,0.09761,6.46626,7,402,407,201,206,201,201,0,0,0.21652,0.00514
nuscenes_mini_subset,scene-1094_012,yaw,yaw,0.5,deg,0.09772,12.93112,7,397,407,196,206,201,201,0,0,0.22506,0.01915
nuscenes_mini_subset,scene-1094_012,yaw,yaw,1.0,deg,0.09838,25.85809,7,387,407,187,206,200,201,0,0,0.2171,0.00915
nuscenes_mini_subset,scene-1094_012,yaw,yaw,2.0,deg,0.09953,51.71115,7,354,407,164,206,190,201,0,0,0.21555,0.00093
nuscenes_mini_subset,scene-1094_012,yaw,yaw,3.0,deg,0.10011,77.58234,7,309,407,134,206,175,201,0,0,0.2179,-0.00327
nuscenes_mini_subset,scene-1094_012,pitch,roll,0.25,deg,0.09743,1.89573,7,407,407,206,206,201,201,0,0,0.21443,0.00193
nuscenes_mini_subset,scene-1094_012,pitch,roll,0.5,deg,0.0974,3.79147,7,406,407,205,206,201,201,0,0,0.20458,-0.00159
nuscenes_mini_subset,scene-1094_012,pitch,roll,1.0,deg,0.09735,7.58293,7,405,407,204,206,201,201,0,0,0.20871,0.01008
nuscenes_mini_subset,scene-1094_012,pitch,roll,2.0,deg,0.09735,15.16553,7,403,407,203,206,200,201,0,0,0.17411,-0.02132
nuscenes_mini_subset,scene-1094_012,pitch,roll,3.0,deg,0.09729,22.74721,7,394,407,201,206,193,201,0,0,0.20422,-0.01124
nuscenes_mini_subset,scene-1094_012,roll,pitch,0.25,deg,0.09847,6.02224,7,407,407,206,206,201,201,0,0,0.24441,0.02522
nuscenes_mini_subset,scene-1094_012,roll,pitch,0.5,deg,0.0993,12.03948,7,407,407,206,206,201,201,0,0,0.22222,0.00483
nuscenes_mini_subset,scene-1094_012,roll,pitch,1.0,deg,0.10017,24.06008,7,405,407,206,206,199,201,0,0,0.24859,0.02581
nuscenes_mini_subset,scene-1094_012,roll,pitch,2.0,deg,0.1046,48.05375,7,366,407,178,206,188,201,0,0,0.2148,-0.00083
nuscenes_mini_subset,scene-1094_012,roll,pitch,3.0,deg,0.10854,71.99896,7,258,407,141,206,117,201,0,0,0.18718,-0.00445
nuscenes_mini_subset,scene-1094_012,tx,lateral,0.02,m,0.09729,2.19212,7,407,407,206,206,201,201,0,0,0.22695,0.00993
nuscenes_mini_subset,scene-1094_012,tx,lateral,0.05,m,0.09743,5.48013,7,407,407,206,206,201,201,0,0,0.21794,0.00716
nuscenes_mini_subset,scene-1094_012,tx,lateral,0.1,m,0.09726,10.9597,7,407,407,206,206,201,201,0,0,0.21364,0.0091
nuscenes_mini_subset,scene-1094_012,tx,lateral,0.2,m,0.09723,21.91713,7,404,407,205,206,199,201,0,0,0.20667,0.0066
nuscenes_mini_subset,scene-1094_012,ty,forward,0.02,m,0.09775,0.78889,7,407,407,206,206,201,201,0,0,0.22767,0.0106
nuscenes_mini_subset,scene-1094_012,ty,forward,0.05,m,0.09824,1.96459,7,407,407,206,206,201,201,0,0,0.23408,0.01747
nuscenes_mini_subset,scene-1094_012,ty,forward,0.1,m,0.09922,3.90407,7,407,407,206,206,201,201,0,0,0.2357,0.02068
nuscenes_mini_subset,scene-1094_012,ty,forward,0.2,m,0.10149,7.70992,7,407,407,206,206,201,201,0,0,0.22985,0.01404
nuscenes_mini_subset,scene-1094_012,tz,up,0.02,m,0.09821,2.19855,7,407,407,206,206,201,201,0,0,0.22987,0.01023
nuscenes_mini_subset,scene-1094_012,tz,up,0.05,m,0.09922,5.49598,7,407,407,206,206,201,201,0,0,0.22951,0.01256
nuscenes_mini_subset,scene-1094_012,tz,up,0.1,m,0.10014,10.99065,7,407,407,206,206,201,201,0,0,0.25123,0.03121
nuscenes_mini_subset,scene-1094_012,tz,up,0.2,m,0.10756,21.97609,7,399,407,198,206,201,201,0,0,0.20991,-0.00973
nuscenes_mini_subset,scene-1094_013,none,-,0.0,-,0.09142,0.0,8,471,471,201,201,245,245,25,25,0.29687,0.02216
nuscenes_mini_subset,scene-1094_013,yaw,yaw,0.25,deg,0.09148,6.49479,8,469,471,199,201,245,245,25,25,0.28185,0.01262
nuscenes_mini_subset,scene-1094_013,yaw,yaw,0.5,deg,0.09153,12.98742,8,464,471,194,201,245,245,25,25,0.29044,0.01875
nuscenes_mini_subset,scene-1094_013,yaw,yaw,1.0,deg,0.09171,25.96771,8,452,471,184,201,244,245,24,25,0.28065,0.00566
nuscenes_mini_subset,scene-1094_013,yaw,yaw,2.0,deg,0.09217,51.91859,8,407,471,157,201,234,245,16,25,0.28924,0.02148
nuscenes_mini_subset,scene-1094_013,yaw,yaw,3.0,deg,0.09274,77.87608,8,352,471,129,201,216,245,7,25,0.29282,0.01636
nuscenes_mini_subset,scene-1094_013,pitch,roll,0.25,deg,0.09142,1.90566,8,471,471,201,201,245,245,25,25,0.30711,0.02818
nuscenes_mini_subset,scene-1094_013,pitch,roll,0.5,deg,0.09136,3.81133,8,471,471,201,201,245,245,25,25,0.29367,0.01854
nuscenes_mini_subset,scene-1094_013,pitch,roll,1.0,deg,0.09148,7.62267,8,471,471,201,201,245,245,25,25,0.24353,-0.01928
nuscenes_mini_subset,scene-1094_013,pitch,roll,2.0,deg,0.09145,15.24509,8,469,471,200,201,245,245,24,25,0.23977,-0.01603
nuscenes_mini_subset,scene-1094_013,pitch,roll,3.0,deg,0.09139,22.86669,8,441,471,200,201,233,245,8,25,0.28091,0.02403
nuscenes_mini_subset,scene-1094_013,roll,pitch,0.25,deg,0.09254,6.05144,8,471,471,201,201,245,245,25,25,0.26113,-0.0244
nuscenes_mini_subset,scene-1094_013,roll,pitch,0.5,deg,0.0934,12.09721,8,471,471,201,201,245,245,25,25,0.28055,0.01254
nuscenes_mini_subset,scene-1094_013,roll,pitch,1.0,deg,0.09427,24.17288,8,454,471,201,201,245,245,8,25,0.28221,0.01941
nuscenes_mini_subset,scene-1094_013,roll,pitch,2.0,deg,0.09853,48.26874,8,441,471,198,201,235,245,8,25,0.25801,0.01223
nuscenes_mini_subset,scene-1094_013,roll,pitch,3.0,deg,0.10253,72.30576,8,352,471,178,201,174,245,0,25,0.20718,0.00157
nuscenes_mini_subset,scene-1094_013,tx,lateral,0.02,m,0.09145,2.36405,8,471,471,201,201,245,245,25,25,0.29885,0.02583
nuscenes_mini_subset,scene-1094_013,tx,lateral,0.05,m,0.09133,5.90986,8,471,471,201,201,245,245,25,25,0.28988,0.01672
nuscenes_mini_subset,scene-1094_013,tx,lateral,0.1,m,0.0913,11.81886,8,469,471,199,201,245,245,25,25,0.28117,0.0088
nuscenes_mini_subset,scene-1094_013,tx,lateral,0.2,m,0.09125,23.63427,8,466,471,196,201,245,245,25,25,0.27088,-0.00025
nuscenes_mini_subset,scene-1094_013,ty,forward,0.02,m,0.09194,0.84347,8,471,471,201,201,245,245,25,25,0.29975,0.02558
nuscenes_mini_subset,scene-1094_013,ty,forward,0.05,m,0.0924,2.10014,8,471,471,201,201,245,245,25,25,0.29835,0.02484
nuscenes_mini_subset,scene-1094_013,ty,forward,0.1,m,0.09323,4.17219,8,471,471,201,201,245,245,25,25,0.29537,0.02284
nuscenes_mini_subset,scene-1094_013,ty,forward,0.2,m,0.09533,8.23464,8,469,471,199,201,245,245,25,25,0.29802,0.02416
nuscenes_mini_subset,scene-1094_013,tz,up,0.02,m,0.09228,2.37118,8,471,471,201,201,245,245,25,25,0.27572,0.00342
nuscenes_mini_subset,scene-1094_013,tz,up,0.05,m,0.09326,5.92752,8,471,471,201,201,245,245,25,25,0.26485,-0.01059
nuscenes_mini_subset,scene-1094_013,tz,up,0.1,m,0.09418,11.85362,8,471,471,201,201,245,245,25,25,0.26044,-0.02263
nuscenes_mini_subset,scene-1094_013,tz,up,0.2,m,0.10123,23.70152,8,471,471,201,201,245,245,25,25,0.28129,0.01156
nuscenes_mini_subset,scene-1094_014,none,-,0.0,-,0.0835,0.0,8,578,578,279,279,272,272,27,27,0.22017,0.00856
nuscenes_mini_subset,scene-1094_014,yaw,yaw,0.25,deg,0.08376,6.55641,8,578,578,279,279,272,272,27,27,0.23452,0.01488
nuscenes_mini_subset,scene-1094_014,yaw,yaw,0.5,deg,0.08361,13.11016,8,578,578,279,279,272,272,27,27,0.22238,-0.00452
nuscenes_mini_subset,scene-1094_014,yaw,yaw,1.0,deg,0.08393,26.21117,8,568,578,271,279,271,272,26,27,0.21516,-0.01659
nuscenes_mini_subset,scene-1094_014,yaw,yaw,2.0,deg,0.08468,52.39783,8,522,578,243,279,264,272,15,27,0.22886,-0.00292
nuscenes_mini_subset,scene-1094_014,yaw,yaw,3.0,deg,0.08566,78.584,8,474,578,217,279,251,272,6,27,0.24842,0.01339
nuscenes_mini_subset,scene-1094_014,pitch,roll,0.25,deg,0.08335,1.99175,8,578,578,279,279,272,272,27,27,0.23284,0.02138
nuscenes_mini_subset,scene-1094_014,pitch,roll,0.5,deg,0.08344,3.98352,8,578,578,279,279,272,272,27,27,0.22688,0.01678
nuscenes_mini_subset,scene-1094_014,pitch,roll,1.0,deg,0.0835,7.96706,8,578,578,279,279,272,272,27,27,0.21179,-0.00469
nuscenes_mini_subset,scene-1094_014,pitch,roll,2.0,deg,0.08353,15.93393,8,572,578,279,279,266,272,27,27,0.24954,0.01313
nuscenes_mini_subset,scene-1094_014,pitch,roll,3.0,deg,0.08364,23.89999,8,563,578,279,279,257,272,27,27,0.2781,0.03393
nuscenes_mini_subset,scene-1094_014,roll,pitch,0.25,deg,0.08459,6.0768,8,578,578,279,279,272,272,27,27,0.17209,-0.03531
nuscenes_mini_subset,scene-1094_014,roll,pitch,0.5,deg,0.08551,12.1471,8,578,578,279,279,272,272,27,27,0.19979,-0.01381
nuscenes_mini_subset,scene-1094_014,roll,pitch,1.0,deg,0.08641,24.26934,8,561,578,279,279,272,272,10,27,0.19634,-0.0118
nuscenes_mini_subset,scene-1094_014,roll,pitch,2.0,deg,0.09064,48.44859,8,533,578,260,279,268,272,5,27,0.19671,0.00982
nuscenes_mini_subset,scene-1094_014,roll,pitch,3.0,deg,0.09459,72.55614,8,482,578,245,279,236,272,1,27,0.16419,0.0112
nuscenes_mini_subset,scene-1094_014,tx,lateral,0.02,m,0.0835,2.49971,8,578,578,279,279,272,272,27,27,0.22098,0.01076
nuscenes_mini_subset,scene-1094_014,tx,lateral,0.05,m,0.08335,6.24897,8,578,578,279,279,272,272,27,27,0.2158,0.00588
nuscenes_mini_subset,scene-1094_014,tx,lateral,0.1,m,0.08329,12.49691,8,577,578,278,279,272,272,27,27,0.21793,0.00791
nuscenes_mini_subset,scene-1094_014,tx,lateral,0.2,m,0.08306,24.98971,8,572,578,273,279,272,272,27,27,0.20065,-0.00559
nuscenes_mini_subset,scene-1094_014,ty,forward,0.02,m,0.08381,0.90316,8,578,578,279,279,272,272,27,27,0.21941,0.00718
nuscenes_mini_subset,scene-1094_014,ty,forward,0.05,m,0.08433,2.24875,8,578,578,279,279,272,272,27,27,0.22427,0.01046
nuscenes_mini_subset,scene-1094_014,ty,forward,0.1,m,0.08551,4.46738,8,578,578,279,279,272,272,27,27,0.22105,0.00429
nuscenes_mini_subset,scene-1094_014,ty,forward,0.2,m,0.08733,8.81703,8,577,578,278,279,272,272,27,27,0.22052,0.00333
nuscenes_mini_subset,scene-1094_014,tz,up,0.02,m,0.08442,2.50822,8,578,578,279,279,272,272,27,27,0.20771,-0.00163
nuscenes_mini_subset,scene-1094_014,tz,up,0.05,m,0.08551,6.27009,8,578,578,279,279,272,272,27,27,0.17631,-0.03379
nuscenes_mini_subset,scene-1094_014,tz,up,0.1,m,0.08649,12.53861,8,578,578,279,279,272,272,27,27,0.16867,-0.04395
nuscenes_mini_subset,scene-1094_014,tz,up,0.2,m,0.09303,25.07097,8,578,578,279,279,272,272,27,27,0.19805,-0.01742
nuscenes_mini_subset,scene-1094_015,none,-,0.0,-,0.08129,0.0,7,479,479,404,404,46,46,29,29,0.15869,0.00696
nuscenes_mini_subset,scene-1094_015,yaw,yaw,0.25,deg,0.08146,6.63805,7,478,479,404,404,45,46,29,29,0.16187,0.01018
nuscenes_mini_subset,scene-1094_015,yaw,yaw,0.5,deg,0.08166,13.27663,7,475,479,402,404,44,46,29,29,0.16043,0.01088
nuscenes_mini_subset,scene-1094_015,yaw,yaw,1.0,deg,0.08149,26.55698,7,463,479,393,404,42,46,28,29,0.15025,0.00047
nuscenes_mini_subset,scene-1094_015,yaw,yaw,2.0,deg,0.08143,53.1415,7,429,479,372,404,36,46,21,29,0.15189,0.00753
nuscenes_mini_subset,scene-1094_015,yaw,yaw,3.0,deg,0.08129,79.77893,7,375,479,334,404,29,46,12,29,0.13442,-0.00485
nuscenes_mini_subset,scene-1094_015,pitch,roll,0.25,deg,0.08129,2.10628,7,479,479,404,404,46,46,29,29,0.1513,-0.00512
nuscenes_mini_subset,scene-1094_015,pitch,roll,0.5,deg,0.08132,4.21256,7,479,479,404,404,46,46,29,29,0.14646,-0.01441
nuscenes_mini_subset,scene-1094_015,pitch,roll,1.0,deg,0.08152,8.4251,7,477,479,402,404,46,46,29,29,0.14988,-0.0058
nuscenes_mini_subset,scene-1094_015,pitch,roll,2.0,deg,0.08161,16.84975,7,476,479,401,404,46,46,29,29,0.17003,0.0128
nuscenes_mini_subset,scene-1094_015,pitch,roll,3.0,deg,0.08164,25.27332,7,464,479,389,404,46,46,29,29,0.1725,0.0148
nuscenes_mini_subset,scene-1094_015,roll,pitch,0.25,deg,0.0825,6.07732,7,479,479,404,404,46,46,29,29,0.14611,-0.00424
nuscenes_mini_subset,scene-1094_015,roll,pitch,0.5,deg,0.08342,12.14803,7,479,479,404,404,46,46,29,29,0.12142,-0.02584
nuscenes_mini_subset,scene-1094_015,roll,pitch,1.0,deg,0.08443,24.27075,7,471,479,404,404,46,46,21,29,0.14318,-0.00175
nuscenes_mini_subset,scene-1094_015,roll,pitch,2.0,deg,0.08866,48.44961,7,436,479,389,404,43,46,4,29,0.13396,0.00257
nuscenes_mini_subset,scene-1094_015,roll,pitch,3.0,deg,0.09234,72.55509,7,376,479,362,404,14,46,0,29,0.11197,-0.00842
nuscenes_mini_subset,scene-1094_015,tx,lateral,0.02,m,0.08132,2.5311,7,478,479,403,404,46,46,29,29,0.15952,0.00901
nuscenes_mini_subset,scene-1094_015,tx,lateral,0.05,m,0.08126,6.32748,7,474,479,399,404,46,46,29,29,0.16185,0.01
nuscenes_mini_subset,scene-1094_015,tx,lateral,0.1,m,0.08115,12.65401,7,468,479,393,404,46,46,29,29,0.15216,-0.00261
nuscenes_mini_subset,scene-1094_015,tx,lateral,0.2,m,0.08092,25.30424,7,451,479,376,404,46,46,29,29,0.14601,-0.00594
nuscenes_mini_subset,scene-1094_015,ty,forward,0.02,m,0.08178,0.95092,7,479,479,404,404,46,46,29,29,0.1594,0.00747
nuscenes_mini_subset,scene-1094_015,ty,forward,0.05,m,0.08244,2.3676,7,479,479,404,404,46,46,29,29,0.15669,0.00405
nuscenes_mini_subset,scene-1094_015,ty,forward,0.1,m,0.08351,4.7033,7,479,479,404,404,46,46,29,29,0.15895,0.00567
nuscenes_mini_subset,scene-1094_015,ty,forward,0.2,m,0.08566,9.28186,7,479,479,404,404,46,46,29,29,0.15221,-0.00062
nuscenes_mini_subset,scene-1094_015,tz,up,0.02,m,0.08227,2.53889,7,479,479,404,404,46,46,29,29,0.163,0.00921
nuscenes_mini_subset,scene-1094_015,tz,up,0.05,m,0.08333,6.34678,7,479,479,404,404,46,46,29,29,0.17044,0.01643
nuscenes_mini_subset,scene-1094_015,tz,up,0.1,m,0.08431,12.69211,7,479,479,404,404,46,46,29,29,0.1684,0.01756
nuscenes_mini_subset,scene-1094_015,tz,up,0.2,m,0.09087,25.37839,7,479,479,404,404,46,46,29,29,0.13464,-0.01341
nuscenes_mini_subset,scene-1094_016,none,-,0.0,-,0.08014,0.0,6,169,170,15,16,137,137,17,17,0.20417,-0.00041
nuscenes_mini_subset,scene-1094_016,yaw,yaw,0.25,deg,0.08008,6.56311,6,170,170,16,16,137,137,17,17,0.22122,0.0132
nuscenes_mini_subset,scene-1094_016,yaw,yaw,0.5,deg,0.08016,13.12868,6,169,170,16,16,136,137,17,17,0.22942,0.01817
nuscenes_mini_subset,scene-1094_016,yaw,yaw,1.0,deg,0.08048,26.26873,6,153,170,6,16,133,137,14,17,0.21526,0.02107
nuscenes_mini_subset,scene-1094_016,yaw,yaw,2.0,deg,0.08114,52.59522,6,130,170,0,16,121,137,9,17,0.21133,0.02088
nuscenes_mini_subset,scene-1094_016,yaw,yaw,3.0,deg,0.08128,79.00412,6,108,170,0,16,102,137,6,17,0.19503,0.01044
nuscenes_mini_subset,scene-1094_016,pitch,roll,0.25,deg,0.08016,2.05316,6,169,170,15,16,137,137,17,17,0.21398,0.01122
nuscenes_mini_subset,scene-1094_016,pitch,roll,0.5,deg,0.08019,4.10631,6,170,170,16,16,137,137,17,17,0.20885,0.01066
nuscenes_mini_subset,scene-1094_016,pitch,roll,1.0,deg,0.08037,8.21253,6,170,170,16,16,137,137,17,17,0.20583,0.01699
nuscenes_mini_subset,scene-1094_016,pitch,roll,2.0,deg,0.08034,16.4244,6,155,170,15,16,123,137,17,17,0.17865,-0.01669
nuscenes_mini_subset,scene-1094_016,pitch,roll,3.0,deg,0.08045,24.63495,6,153,170,15,16,121,137,17,17,0.21501,0.02592
nuscenes_mini_subset,scene-1094_016,roll,pitch,0.25,deg,0.08128,6.04744,6,164,170,15,16,132,137,17,17,0.20736,0.0231
nuscenes_mini_subset,scene-1094_016,roll,pitch,0.5,deg,0.08203,12.08815,6,164,170,15,16,132,137,17,17,0.19989,0.019
nuscenes_mini_subset,scene-1094_016,roll,pitch,1.0,deg,0.08298,24.1505,6,152,170,16,16,132,137,4,17,0.18613,0.0028
nuscenes_mini_subset,scene-1094_016,roll,pitch,2.0,deg,0.08726,48.20702,6,139,170,15,16,120,137,4,17,0.1806,0.00607
nuscenes_mini_subset,scene-1094_016,roll,pitch,3.0,deg,0.09105,72.18779,6,91,170,14,16,77,137,0,17,0.16567,0.00983
nuscenes_mini_subset,scene-1094_016,tx,lateral,0.02,m,0.08005,2.48396,6,164,170,10,16,137,137,17,17,0.19852,-0.00294
nuscenes_mini_subset,scene-1094_016,tx,lateral,0.05,m,0.08014,6.20982,6,164,170,10,16,137,137,17,17,0.19428,-0.00565
nuscenes_mini_subset,scene-1094_016,tx,lateral,0.1,m,0.08016,12.41933,6,158,170,5,16,136,137,17,17,0.20334,0.00417
nuscenes_mini_subset,scene-1094_016,tx,lateral,0.2,m,0.08019,24.83742,6,152,170,0,16,135,137,17,17,0.21177,0.01348
nuscenes_mini_subset,scene-1094_016,ty,forward,0.02,m,0.08051,0.92054,6,170,170,16,16,137,137,17,17,0.20635,0.0016
nuscenes_mini_subset,scene-1094_016,ty,forward,0.05,m,0.08117,2.2919,6,170,170,16,16,137,137,17,17,0.21224,0.00674
nuscenes_mini_subset,scene-1094_016,ty,forward,0.1,m,0.08217,4.55264,6,170,170,16,16,137,137,17,17,0.21364,0.00682
nuscenes_mini_subset,scene-1094_016,ty,forward,0.2,m,0.0845,8.98353,6,169,170,15,16,137,137,17,17,0.22495,0.0173
nuscenes_mini_subset,scene-1094_016,tz,up,0.02,m,0.08103,2.49134,6,169,170,15,16,137,137,17,17,0.21272,0.0138
nuscenes_mini_subset,scene-1094_016,tz,up,0.05,m,0.08203,6.2279,6,169,170,15,16,137,137,17,17,0.22036,0.02379
nuscenes_mini_subset,scene-1094_016,tz,up,0.1,m,0.08295,12.45426,6,169,170,15,16,137,137,17,17,0.19314,0.00081
nuscenes_mini_subset,scene-1094_016,tz,up,0.2,m,0.09022,24.90239,6,164,170,15,16,132,137,17,17,0.16953,-0.00852
nuscenes_mini_subset,scene-1094_017,none,-,0.0,-,0.08043,0.0,4,129,129,0,0,129,129,0,0,0.24,0.01634
nuscenes_mini_subset,scene-1094_017,yaw,yaw,0.25,deg,0.08034,6.55302,4,129,129,0,0,129,129,0,0,0.24625,0.0186
nuscenes_mini_subset,scene-1094_017,yaw,yaw,0.5,deg,0.08037,13.10991,4,128,129,0,0,128,129,0,0,0.24991,0.0202
nuscenes_mini_subset,scene-1094_017,yaw,yaw,1.0,deg,0.08031,26.23683,4,121,129,0,0,121,129,0,0,0.21308,-0.00367
nuscenes_mini_subset,scene-1094_017,yaw,yaw,2.0,deg,0.08017,52.55391,4,111,129,0,0,111,129,0,0,0.23191,0.00546
nuscenes_mini_subset,scene-1094_017,yaw,yaw,3.0,deg,0.08017,78.97587,4,87,129,0,0,87,129,0,0,0.23848,0.01565
nuscenes_mini_subset,scene-1094_017,pitch,roll,0.25,deg,0.08043,2.03177,4,129,129,0,0,129,129,0,0,0.24328,0.02018
nuscenes_mini_subset,scene-1094_017,pitch,roll,0.5,deg,0.08043,4.06352,4,129,129,0,0,129,129,0,0,0.23804,0.01673
nuscenes_mini_subset,scene-1094_017,pitch,roll,1.0,deg,0.08057,8.1269,4,129,129,0,0,129,129,0,0,0.23661,0.01596
nuscenes_mini_subset,scene-1094_017,pitch,roll,2.0,deg,0.08071,16.25293,4,127,129,0,0,127,129,0,0,0.21991,0.00806
nuscenes_mini_subset,scene-1094_017,pitch,roll,3.0,deg,0.08083,24.37744,4,125,129,0,0,125,129,0,0,0.2054,0.00085
nuscenes_mini_subset,scene-1094_017,roll,pitch,0.25,deg,0.08146,6.05911,4,129,129,0,0,129,129,0,0,0.24387,0.02118
nuscenes_mini_subset,scene-1094_017,roll,pitch,0.5,deg,0.08221,12.11145,4,129,129,0,0,129,129,0,0,0.22404,0.00155
nuscenes_mini_subset,scene-1094_017,roll,pitch,1.0,deg,0.08307,24.19696,4,120,129,0,0,120,129,0,0,0.19613,-0.00825
nuscenes_mini_subset,scene-1094_017,roll,pitch,2.0,deg,0.08736,48.2994,4,103,129,0,0,103,129,0,0,0.20721,0.01913
nuscenes_mini_subset,scene-1094_017,roll,pitch,3.0,deg,0.0913,72.32564,4,51,129,0,0,51,129,0,0,0.19764,0.02545
nuscenes_mini_subset,scene-1094_017,tx,lateral,0.02,m,0.08031,2.67066,4,129,129,0,0,129,129,0,0,0.23236,0.01033
nuscenes_mini_subset,scene-1094_017,tx,lateral,0.05,m,0.08048,6.67672,4,129,129,0,0,129,129,0,0,0.24017,0.01968
nuscenes_mini_subset,scene-1094_017,tx,lateral,0.1,m,0.08046,13.35369,4,127,129,0,0,127,129,0,0,0.24873,0.02711
nuscenes_mini_subset,scene-1094_017,tx,lateral,0.2,m,0.0806,26.70839,4,123,129,0,0,123,129,0,0,0.22677,0.00329
nuscenes_mini_subset,scene-1094_017,ty,forward,0.02,m,0.08077,0.98474,4,129,129,0,0,129,129,0,0,0.24121,0.01714
nuscenes_mini_subset,scene-1094_017,ty,forward,0.05,m,0.08138,2.45106,4,129,129,0,0,129,129,0,0,0.24297,0.01674
nuscenes_mini_subset,scene-1094_017,ty,forward,0.1,m,0.08235,4.86658,4,129,129,0,0,129,129,0,0,0.24957,0.02319
nuscenes_mini_subset,scene-1094_017,ty,forward,0.2,m,0.08494,9.5945,4,129,129,0,0,129,129,0,0,0.25583,0.0288
nuscenes_mini_subset,scene-1094_017,tz,up,0.02,m,0.08126,2.67834,4,129,129,0,0,129,129,0,0,0.24374,0.02149
nuscenes_mini_subset,scene-1094_017,tz,up,0.05,m,0.08218,6.69537,4,129,129,0,0,129,129,0,0,0.23145,0.01112
nuscenes_mini_subset,scene-1094_017,tz,up,0.1,m,0.08333,13.38908,4,129,129,0,0,129,129,0,0,0.2388,0.018
nuscenes_mini_subset,scene-1094_017,tz,up,0.2,m,0.09041,26.77157,4,129,129,0,0,129,129,0,0,0.23273,0.01297
nuscenes_mini_subset,scene-1094_018,none,-,0.0,-,0.07974,0.0,3,95,95,0,0,95,95,0,0,0.25411,0.02344
nuscenes_mini_subset,scene-1094_018,yaw,yaw,0.25,deg,0.07948,6.52928,3,95,95,0,0,95,95,0,0,0.24533,0.01609
nuscenes_mini_subset,scene-1094_018,yaw,yaw,0.5,deg,0.07948,13.06285,3,92,95,0,0,92,95,0,0,0.23228,0.00364
nuscenes_mini_subset,scene-1094_018,yaw,yaw,1.0,deg,0.07948,26.14436,3,89,95,0,0,89,95,0,0,0.21168,-0.01564
nuscenes_mini_subset,scene-1094_018,yaw,yaw,2.0,deg,0.07899,52.37551,3,79,95,0,0,79,95,0,0,0.22718,0.01415
nuscenes_mini_subset,scene-1094_018,yaw,yaw,3.0,deg,0.07864,78.71794,3,63,95,0,0,63,95,0,0,0.22734,0.0102
nuscenes_mini_subset,scene-1094_018,pitch,roll,0.25,deg,0.07977,2.04055,3,95,95,0,0,95,95,0,0,0.26061,0.02996
nuscenes_mini_subset,scene-1094_018,pitch,roll,0.5,deg,0.07983,4.08108,3,95,95,0,0,95,95,0,0,0.27813,0.04207
nuscenes_mini_subset,scene-1094_018,pitch,roll,1.0,deg,0.07991,8.16202,3,95,95,0,0,95,95,0,0,0.2581,0.01871
nuscenes_mini_subset,scene-1094_018,pitch,roll,2.0,deg,0.07991,16.32313,3,94,95,0,0,94,95,0,0,0.24651,0.01928
nuscenes_mini_subset,scene-1094_018,pitch,roll,3.0,deg,0.07997,24.48272,3,93,95,0,0,93,95,0,0,0.2164,-0.00831
nuscenes_mini_subset,scene-1094_018,roll,pitch,0.25,deg,0.08069,6.02813,3,95,95,0,0,95,95,0,0,0.25458,0.02632
nuscenes_mini_subset,scene-1094_018,roll,pitch,0.5,deg,0.08135,12.04948,3,95,95,0,0,95,95,0,0,0.2649,0.04286
nuscenes_mini_subset,scene-1094_018,roll,pitch,1.0,deg,0.08219,24.07296,3,85,95,0,0,85,95,0,0,0.2248,-0.00477
nuscenes_mini_subset,scene-1094_018,roll,pitch,2.0,deg,0.08666,48.05108,3,75,95,0,0,75,95,0,0,0.20202,0.00317
nuscenes_mini_subset,scene-1094_018,roll,pitch,3.0,deg,0.09061,71.95247,3,72,95,0,0,72,95,0,0,0.16972,-0.00576
nuscenes_mini_subset,scene-1094_018,tx,lateral,0.02,m,0.07971,2.61525,3,95,95,0,0,95,95,0,0,0.25356,0.02145
nuscenes_mini_subset,scene-1094_018,tx,lateral,0.05,m,0.07965,6.53817,3,94,95,0,0,94,95,0,0,0.26696,0.03221
nuscenes_mini_subset,scene-1094_018,tx,lateral,0.1,m,0.07968,13.07649,3,94,95,0,0,94,95,0,0,0.27249,0.02986
nuscenes_mini_subset,scene-1094_018,tx,lateral,0.2,m,0.07988,26.15359,3,90,95,0,0,90,95,0,0,0.2675,0.02938
nuscenes_mini_subset,scene-1094_018,ty,forward,0.02,m,0.08009,0.97394,3,95,95,0,0,95,95,0,0,0.25468,0.02173
nuscenes_mini_subset,scene-1094_018,ty,forward,0.05,m,0.0806,2.42453,3,95,95,0,0,95,95,0,0,0.25394,0.02023
nuscenes_mini_subset,scene-1094_018,ty,forward,0.1,m,0.0815,4.81512,3,95,95,0,0,95,95,0,0,0.25807,0.01923
nuscenes_mini_subset,scene-1094_018,ty,forward,0.2,m,0.08556,9.49766,3,95,95,0,0,95,95,0,0,0.27112,0.03122
nuscenes_mini_subset,scene-1094_018,tz,up,0.02,m,0.08055,2.62348,3,95,95,0,0,95,95,0,0,0.25973,0.03061
nuscenes_mini_subset,scene-1094_018,tz,up,0.05,m,0.08135,6.55819,3,95,95,0,0,95,95,0,0,0.2568,0.02702
nuscenes_mini_subset,scene-1094_018,tz,up,0.1,m,0.08305,13.11464,3,95,95,0,0,95,95,0,0,0.25856,0.03485
nuscenes_mini_subset,scene-1094_018,tz,up,0.2,m,0.09023,26.22236,3,95,95,0,0,95,95,0,0,0.2409,0.01445
nuscenes_mini_subset,scene-1094_019,none,-,0.0,-,0.08156,0.0,4,113,113,20,20,93,93,0,0,0.2394,0.0104
nuscenes_mini_subset,scene-1094_019,yaw,yaw,0.25,deg,0.08135,6.50778,4,110,113,20,20,90,93,0,0,0.25338,0.02224
nuscenes_mini_subset,scene-1094_019,yaw,yaw,0.5,deg,0.08138,13.01945,4,109,113,20,20,89,93,0,0,0.23967,0.01323
nuscenes_mini_subset,scene-1094_019,yaw,yaw,1.0,deg,0.08112,26.05596,4,103,113,19,20,84,93,0,0,0.23544,0.00799
nuscenes_mini_subset,scene-1094_019,yaw,yaw,2.0,deg,0.08083,52.19217,4,86,113,15,20,71,93,0,0,0.21186,-0.00484
nuscenes_mini_subset,scene-1094_019,yaw,yaw,3.0,deg,0.08029,78.43288,4,62,113,8,20,54,93,0,0,0.23777,0.02094
nuscenes_mini_subset,scene-1094_019,pitch,roll,0.25,deg,0.08156,2.03126,4,113,113,20,20,93,93,0,0,0.23674,0.00972
nuscenes_mini_subset,scene-1094_019,pitch,roll,0.5,deg,0.08167,4.0625,4,113,113,20,20,93,93,0,0,0.24365,0.01478
nuscenes_mini_subset,scene-1094_019,pitch,roll,1.0,deg,0.0817,8.12488,4,112,113,20,20,92,93,0,0,0.2468,0.02127
nuscenes_mini_subset,scene-1094_019,pitch,roll,2.0,deg,0.08164,16.24891,4,109,113,20,20,89,93,0,0,0.2345,0.00398
nuscenes_mini_subset,scene-1094_019,pitch,roll,3.0,deg,0.08176,24.37147,4,107,113,20,20,87,93,0,0,0.22401,-0.00226
nuscenes_mini_subset,scene-1094_019,roll,pitch,0.25,deg,0.08256,6.01611,4,113,113,20,20,93,93,0,0,0.25065,0.02923
nuscenes_mini_subset,scene-1094_019,roll,pitch,0.5,deg,0.08314,12.02584,4,113,113,20,20,93,93,0,0,0.24159,0.01969
nuscenes_mini_subset,scene-1094_019,roll,pitch,1.0,deg,0.08398,24.02729,4,113,113,20,20,93,93,0,0,0.20285,-0.02135
nuscenes_mini_subset,scene-1094_019,roll,pitch,2.0,deg,0.08842,47.96611,4,90,113,19,20,71,93,0,0,0.22459,0.02352
nuscenes_mini_subset,scene-1094_019,roll,pitch,3.0,deg,0.09234,71.83445,4,71,113,12,20,59,93,0,0,0.17837,-0.00764
nuscenes_mini_subset,scene-1094_019,tx,lateral,0.02,m,0.08158,2.57983,4,113,113,20,20,93,93,0,0,0.23695,0.00637
nuscenes_mini_subset,scene-1094_019,tx,lateral,0.05,m,0.08173,6.44962,4,113,113,20,20,93,93,0,0,0.23233,0.00407
nuscenes_mini_subset,scene-1094_019,tx,lateral,0.1,m,0.08179,12.89933,4,112,113,19,20,93,93,0,0,0.25235,0.01819
nuscenes_mini_subset,scene-1094_019,tx,lateral,0.2,m,0.0819,25.79907,4,111,113,19,20,92,93,0,0,0.24864,0.01781
nuscenes_mini_subset,scene-1094_019,ty,forward,0.02,m,0.0819,0.96493,4,113,113,20,20,93,93,0,0,0.24012,0.01233
nuscenes_mini_subset,scene-1094_019,ty,forward,0.05,m,0.08245,2.40216,4,113,113,20,20,93,93,0,0,0.24156,0.01502
nuscenes_mini_subset,scene-1094_019,ty,forward,0.1,m,0.08337,4.77089,4,113,113,20,20,93,93,0,0,0.24287,0.01408
nuscenes_mini_subset,scene-1094_019,ty,forward,0.2,m,0.08732,9.41114,4,113,113,20,20,93,93,0,0,0.24061,0.01245
nuscenes_mini_subset,scene-1094_019,tz,up,0.02,m,0.08233,2.58712,4,113,113,20,20,93,93,0,0,0.25106,0.02302
nuscenes_mini_subset,scene-1094_019,tz,up,0.05,m,0.08314,6.46732,4,113,113,20,20,93,93,0,0,0.2575,0.03083
nuscenes_mini_subset,scene-1094_019,tz,up,0.1,m,0.08464,12.93307,4,113,113,20,20,93,93,0,0,0.2534,0.02349
nuscenes_mini_subset,scene-1094_019,tz,up,0.2,m,0.09208,25.85985,4,113,113,20,20,93,93,0,0,0.24122,0.01919
nuscenes_mini_subset,scene-1094_020,none,-,0.0,-,0.08079,0.0,3,83,83,0,0,83,83,0,0,0.22381,0.00938
nuscenes_mini_subset,scene-1094_020,yaw,yaw,0.25,deg,0.0807,6.50224,3,81,83,0,0,81,83,0,0,0.21392,0.00997
nuscenes_mini_subset,scene-1094_020,yaw,yaw,0.5,deg,0.08041,13.0085,3,80,83,0,0,80,83,0,0,0.2102,0.00769
nuscenes_mini_subset,scene-1094_020,yaw,yaw,1.0,deg,0.08044,26.03458,3,77,83,0,0,77,83,0,0,0.21061,-0.00256
nuscenes_mini_subset,scene-1094_020,yaw,yaw,2.0,deg,0.08016,52.15144,3,63,83,0,0,63,83,0,0,0.23899,0.02683
nuscenes_mini_subset,scene-1094_020,yaw,yaw,3.0,deg,0.07964,78.37482,3,51,83,0,0,51,83,0,0,0.21805,0.00514
nuscenes_mini_subset,scene-1094_020,pitch,roll,0.25,deg,0.08082,2.0208,3,83,83,0,0,83,83,0,0,0.22044,0.00567
nuscenes_mini_subset,scene-1094_020,pitch,roll,0.5,deg,0.08093,4.04158,3,82,83,0,0,82,83,0,0,0.22964,0.01531
nuscenes_mini_subset,scene-1094_020,pitch,roll,1.0,deg,0.08093,8.08303,3,82,83,0,0,82,83,0,0,0.24429,0.03283
nuscenes_mini_subset,scene-1094_020,pitch,roll,2.0,deg,0.08102,16.16519,3,82,83,0,0,82,83,0,0,0.22184,0.01357
nuscenes_mini_subset,scene-1094_020,pitch,roll,3.0,deg,0.08093,24.24588,3,78,83,0,0,78,83,0,0,0.18959,-0.00983
nuscenes_mini_subset,scene-1094_020,roll,pitch,0.25,deg,0.08174,6.02139,3,83,83,0,0,83,83,0,0,0.22921,0.01904
nuscenes_mini_subset,scene-1094_020,roll,pitch,0.5,deg,0.08232,12.03642,3,77,83,0,0,77,83,0,0,0.21843,0.01024
nuscenes_mini_subset,scene-1094_020,roll,pitch,1.0,deg,0.08321,24.04856,3,77,83,0,0,77,83,0,0,0.1966,-0.00499
nuscenes_mini_subset,scene-1094_020,roll,pitch,2.0,deg,0.08767,48.00907,3,60,83,0,0,60,83,0,0,0.20962,0.02283
nuscenes_mini_subset,scene-1094_020,roll,pitch,3.0,deg,0.09159,71.89958,3,45,83,0,0,45,83,0,0,0.17838,0.00305
nuscenes_mini_subset,scene-1094_020,tx,lateral,0.02,m,0.08079,2.69305,3,83,83,0,0,83,83,0,0,0.22374,0.01286
nuscenes_mini_subset,scene-1094_020,tx,lateral,0.05,m,0.08099,6.73269,3,82,83,0,0,82,83,0,0,0.2128,0.00132
nuscenes_mini_subset,scene-1094_020,tx,lateral,0.1,m,0.08116,13.46562,3,80,83,0,0,80,83,0,0,0.22906,0.01505
nuscenes_mini_subset,scene-1094_020,tx,lateral,0.2,m,0.08131,26.93218,3,80,83,0,0,80,83,0,0,0.22823,0.02795
nuscenes_mini_subset,scene-1094_020,ty,forward,0.02,m,0.08122,1.02674,3,83,83,0,0,83,83,0,0,0.22566,0.01202
nuscenes_mini_subset,scene-1094_020,ty,forward,0.05,m,0.08197,2.55544,3,83,83,0,0,83,83,0,0,0.22234,0.0116
nuscenes_mini_subset,scene-1094_020,ty,forward,0.1,m,0.08289,5.07339,3,83,83,0,0,83,83,0,0,0.21379,0.00484
nuscenes_mini_subset,scene-1094_020,ty,forward,0.2,m,0.08701,10.00043,3,83,83,0,0,83,83,0,0,0.2195,0.00889
nuscenes_mini_subset,scene-1094_020,tz,up,0.02,m,0.0816,2.70046,3,83,83,0,0,83,83,0,0,0.22204,0.00683
nuscenes_mini_subset,scene-1094_020,tz,up,0.05,m,0.08237,6.75066,3,83,83,0,0,83,83,0,0,0.22471,0.01424
nuscenes_mini_subset,scene-1094_020,tz,up,0.1,m,0.08416,13.49966,3,83,83,0,0,83,83,0,0,0.22309,0.01763
nuscenes_mini_subset,scene-1094_020,tz,up,0.2,m,0.09116,26.99269,3,77,83,0,0,77,83,0,0,0.21311,0.00895
nuscenes_mini_subset,scene-1094_021,none,-,0.0,-,0.08026,0.0,3,80,80,0,0,80,80,0,0,0.22817,0.0279
nuscenes_mini_subset,scene-1094_021,yaw,yaw,0.25,deg,0.08032,6.46552,3,77,80,0,0,77,80,0,0,0.20214,0.0131
nuscenes_mini_subset,scene-1094_021,yaw,yaw,0.5,deg,0.08026,12.93459,3,76,80,0,0,76,80,0,0,0.18365,-0.00901
nuscenes_mini_subset,scene-1094_021,yaw,yaw,1.0,deg,0.08043,25.88485,3,72,80,0,0,72,80,0,0,0.19311,0.00254
nuscenes_mini_subset,scene-1094_021,yaw,yaw,2.0,deg,0.07988,51.84414,3,52,80,0,0,52,80,0,0,0.17715,-0.00104
nuscenes_mini_subset,scene-1094_021,yaw,yaw,3.0,deg,0.07962,77.90167,3,31,80,0,0,31,80,0,0,0.17166,-0.00081
nuscenes_mini_subset,scene-1094_021,pitch,roll,0.25,deg,0.08026,1.9997,3,80,80,0,0,80,80,0,0,0.22879,0.02769
nuscenes_mini_subset,scene-1094_021,pitch,roll,0.5,deg,0.08023,3.99937,3,80,80,0,0,80,80,0,0,0.21849,0.0149
nuscenes_mini_subset,scene-1094_021,pitch,roll,1.0,deg,0.08011,7.9986,3,80,80,0,0,80,80,0,0,0.21396,0.00786
nuscenes_mini_subset,scene-1094_021,pitch,roll,2.0,deg,0.07994,15.99634,3,79,80,0,0,79,80,0,0,0.20387,0.0072
nuscenes_mini_subset,scene-1094_021,pitch,roll,3.0,deg,0.08,23.99261,3,76,80,0,0,76,80,0,0,0.17887,-0.01123
nuscenes_mini_subset,scene-1094_021,roll,pitch,0.25,deg,0.08121,5.99681,3,80,80,0,0,80,80,0,0,0.21325,0.01522
nuscenes_mini_subset,scene-1094_021,roll,pitch,0.5,deg,0.0819,11.98753,3,76,80,0,0,76,80,0,0,0.20769,0.01616
nuscenes_mini_subset,scene-1094_021,roll,pitch,1.0,deg,0.08262,23.95185,3,71,80,0,0,71,80,0,0,0.14981,-0.03463
nuscenes_mini_subset,scene-1094_021,roll,pitch,2.0,deg,0.08692,47.81987,3,70,80,0,0,70,80,0,0,0.2014,0.02874
nuscenes_mini_subset,scene-1094_021,roll,pitch,3.0,deg,0.09072,71.62193,3,48,80,0,0,48,80,0,0,0.17512,0.01234
nuscenes_mini_subset,scene-1094_021,tx,lateral,0.02,m,0.08023,2.51194,3,80,80,0,0,80,80,0,0,0.2311,0.02968
nuscenes_mini_subset,scene-1094_021,tx,lateral,0.05,m,0.0802,6.27993,3,79,80,0,0,79,80,0,0,0.2207,0.01954
nuscenes_mini_subset,scene-1094_021,tx,lateral,0.1,m,0.08023,12.56013,3,79,80,0,0,79,80,0,0,0.2081,0.01072
nuscenes_mini_subset,scene-1094_021,tx,lateral,0.2,m,0.08017,25.12135,3,76,80,0,0,76,80,0,0,0.21359,0.01915
nuscenes_mini_subset,scene-1094_021,ty,forward,0.02,m,0.08066,0.94348,3,80,80,0,0,80,80,0,0,0.22784,0.02728
nuscenes_mini_subset,scene-1094_021,ty,forward,0.05,m,0.08115,2.3481,3,80,80,0,0,80,80,0,0,0.22792,0.02723
nuscenes_mini_subset,scene-1094_021,ty,forward,0.1,m,0.08205,4.66132,3,80,80,0,0,80,80,0,0,0.22122,0.02077
nuscenes_mini_subset,scene-1094_021,ty,forward,0.2,m,0.08504,9.18663,3,80,80,0,0,80,80,0,0,0.21991,0.01775
nuscenes_mini_subset,scene-1094_021,tz,up,0.02,m,0.08109,2.51975,3,80,80,0,0,80,80,0,0,0.22667,0.02613
nuscenes_mini_subset,scene-1094_021,tz,up,0.05,m,0.0819,6.29888,3,80,80,0,0,80,80,0,0,0.2216,0.02401
nuscenes_mini_subset,scene-1094_021,tz,up,0.1,m,0.08268,12.59612,3,80,80,0,0,80,80,0,0,0.21931,0.02127
nuscenes_mini_subset,scene-1094_021,tz,up,0.2,m,0.09035,25.18569,3,71,80,0,0,71,80,0,0,0.18424,-0.01128
nuscenes_mini_subset,scene-1094_022,none,-,0.0,-,0.0829,0.0,2,47,47,0,0,47,47,0,0,0.17986,0.02049
nuscenes_mini_subset,scene-1094_022,yaw,yaw,0.25,deg,0.08281,6.4541,2,46,47,0,0,46,47,0,0,0.16442,0.00355
nuscenes_mini_subset,scene-1094_022,yaw,yaw,0.5,deg,0.0827,12.91225,2,44,47,0,0,44,47,0,0,0.14544,-0.00348
nuscenes_mini_subset,scene-1094_022,yaw,yaw,1.0,deg,0.08267,25.84217,2,44,47,0,0,44,47,0,0,0.14597,-0.00561
nuscenes_mini_subset,scene-1094_022,yaw,yaw,2.0,deg,0.08255,51.76678,2,38,47,0,0,38,47,0,0,0.16023,0.01
nuscenes_mini_subset,scene-1094_022,yaw,yaw,3.0,deg,0.08235,77.79755,2,29,47,0,0,29,47,0,0,0.16909,0.01315
nuscenes_mini_subset,scene-1094_022,pitch,roll,0.25,deg,0.0829,2.00744,2,47,47,0,0,47,47,0,0,0.17465,0.01374
nuscenes_mini_subset,scene-1094_022,pitch,roll,0.5,deg,0.08287,4.01486,2,47,47,0,0,47,47,0,0,0.17193,0.01083
nuscenes_mini_subset,scene-1094_022,pitch,roll,1.0,deg,0.08287,8.02958,2,47,47,0,0,47,47,0,0,0.16825,0.00932
nuscenes_mini_subset,scene-1094_022,pitch,roll,2.0,deg,0.08296,16.05828,2,46,47,0,0,46,47,0,0,0.18356,0.02929
nuscenes_mini_subset,scene-1094_022,pitch,roll,3.0,deg,0.08296,24.08548,2,46,47,0,0,46,47,0,0,0.15801,0.01131
nuscenes_mini_subset,scene-1094_022,roll,pitch,0.25,deg,0.08377,5.97894,2,47,47,0,0,47,47,0,0,0.17368,0.01878
nuscenes_mini_subset,scene-1094_022,roll,pitch,0.5,deg,0.08429,11.95205,2,47,47,0,0,47,47,0,0,0.1664,0.01355
nuscenes_mini_subset,scene-1094_022,roll,pitch,1.0,deg,0.08524,23.88192,2,46,47,0,0,46,47,0,0,0.15114,0.00571
nuscenes_mini_subset,scene-1094_022,roll,pitch,2.0,deg,0.08936,47.6841,2,46,47,0,0,46,47,0,0,0.1239,-0.00499
nuscenes_mini_subset,scene-1094_022,roll,pitch,3.0,deg,0.09317,71.42427,2,23,47,0,0,23,47,0,0,0.11894,0.0092
nuscenes_mini_subset,scene-1094_022,tx,lateral,0.02,m,0.0831,2.46636,2,47,47,0,0,47,47,0,0,0.17761,0.01835
nuscenes_mini_subset,scene-1094_022,tx,lateral,0.05,m,0.08307,6.16599,2,47,47,0,0,47,47,0,0,0.17491,0.01621
nuscenes_mini_subset,scene-1094_022,tx,lateral,0.1,m,0.08316,12.33228,2,47,47,0,0,47,47,0,0,0.17805,0.01873
nuscenes_mini_subset,scene-1094_022,tx,lateral,0.2,m,0.08356,24.66576,2,47,47,0,0,47,47,0,0,0.17203,0.01451
nuscenes_mini_subset,scene-1094_022,ty,forward,0.02,m,0.08336,0.93384,2,47,47,0,0,47,47,0,0,0.17668,0.01722
nuscenes_mini_subset,scene-1094_022,ty,forward,0.05,m,0.08391,2.3236,2,47,47,0,0,47,47,0,0,0.17704,0.0177
nuscenes_mini_subset,scene-1094_022,ty,forward,0.1,m,0.08463,4.61104,2,47,47,0,0,47,47,0,0,0.1713,0.01252
nuscenes_mini_subset,scene-1094_022,ty,forward,0.2,m,0.08781,9.08135,2,47,47,0,0,47,47,0,0,0.17208,0.01499
nuscenes_mini_subset,scene-1094_022,tz,up,0.02,m,0.08362,2.47397,2,47,47,0,0,47,47,0,0,0.17538,0.01456
nuscenes_mini_subset,scene-1094_022,tz,up,0.05,m,0.08431,6.18445,2,47,47,0,0,47,47,0,0,0.17802,0.01767
nuscenes_mini_subset,scene-1094_022,tz,up,0.1,m,0.08532,12.36728,2,47,47,0,0,47,47,0,0,0.17412,0.01561
nuscenes_mini_subset,scene-1094_022,tz,up,0.2,m,0.09288,24.72811,2,47,47,0,0,47,47,0,0,0.16228,0.01034
nuscenes_mini_subset,scene-1094_023,none,-,0.0,-,0.08617,0.0,2,28,28,10,10,18,18,0,0,0.17061,0.01677
nuscenes_mini_subset,scene-1094_023,yaw,yaw,0.25,deg,0.08597,6.44497,2,28,28,10,10,18,18,0,0,0.162,0.00872
nuscenes_mini_subset,scene-1094_023,yaw,yaw,0.5,deg,0.08582,12.89451,2,26,28,10,10,16,18,0,0,0.16797,0.0108
nuscenes_mini_subset,scene-1094_023,yaw,yaw,1.0,deg,0.08559,25.80876,2,25,28,10,10,15,18,0,0,0.17582,0.0163
nuscenes_mini_subset,scene-1094_023,yaw,yaw,2.0,deg,0.08499,51.70826,2,15,28,5,10,10,18,0,0,0.15558,0.00211
nuscenes_mini_subset,scene-1094_023,yaw,yaw,3.0,deg,0.08452,77.72226,2,7,28,0,10,7,18,0,0,0.15477,0.00827
nuscenes_mini_subset,scene-1094_023,pitch,roll,0.25,deg,0.0862,2.0451,2,28,28,10,10,18,18,0,0,0.16645,0.00941
nuscenes_mini_subset,scene-1094_023,pitch,roll,0.5,deg,0.08625,4.09018,2,28,28,10,10,18,18,0,0,0.16404,0.00656
nuscenes_mini_subset,scene-1094_023,pitch,roll,1.0,deg,0.0862,8.1802,2,28,28,10,10,18,18,0,0,0.16403,0.00451
nuscenes_mini_subset,scene-1094_023,pitch,roll,2.0,deg,0.08628,16.35947,2,28,28,10,10,18,18,0,0,0.15365,0.00202
nuscenes_mini_subset,scene-1094_023,pitch,roll,3.0,deg,0.08643,24.53717,2,28,28,10,10,18,18,0,0,0.14386,0.0009
nuscenes_mini_subset,scene-1094_023,roll,pitch,0.25,deg,0.08718,5.94454,2,28,28,10,10,18,18,0,0,0.15517,0.00268
nuscenes_mini_subset,scene-1094_023,roll,pitch,0.5,deg,0.08784,11.88327,2,28,28,10,10,18,18,0,0,0.14823,0.00221
nuscenes_mini_subset,scene-1094_023,roll,pitch,1.0,deg,0.08876,23.7444,2,28,28,10,10,18,18,0,0,0.12895,-0.0155
nuscenes_mini_subset,scene-1094_023,roll,pitch,2.0,deg,0.09294,47.40907,2,27,28,9,10,18,18,0,0,0.12457,-0.00097
nuscenes_mini_subset,scene-1094_023,roll,pitch,3.0,deg,0.09692,71.01153,2,14,28,5,10,9,18,0,0,0.10175,-0.00693
nuscenes_mini_subset,scene-1094_023,tx,lateral,0.02,m,0.08623,2.3206,2,28,28,10,10,18,18,0,0,0.16411,0.00883
nuscenes_mini_subset,scene-1094_023,tx,lateral,0.05,m,0.08617,5.80157,2,28,28,10,10,18,18,0,0,0.15982,0.00291
nuscenes_mini_subset,scene-1094_023,tx,lateral,0.1,m,0.08617,11.60339,2,25,28,7,10,18,18,0,0,0.16838,0.00881
nuscenes_mini_subset,scene-1094_023,tx,lateral,0.2,m,0.08634,23.20779,2,22,28,5,10,17,18,0,0,0.16961,0.01724
nuscenes_mini_subset,scene-1094_023,ty,forward,0.02,m,0.08657,0.86863,2,28,28,10,10,18,18,0,0,0.16722,0.01261
nuscenes_mini_subset,scene-1094_023,ty,forward,0.05,m,0.087,2.16282,2,28,28,10,10,18,18,0,0,0.1666,0.01216
nuscenes_mini_subset,scene-1094_023,ty,forward,0.1,m,0.08793,4.29683,2,28,28,10,10,18,18,0,0,0.16307,0.00727
nuscenes_mini_subset,scene-1094_023,ty,forward,0.2,m,0.09222,8.48111,2,28,28,10,10,18,18,0,0,0.16901,0.01324
nuscenes_mini_subset,scene-1094_023,tz,up,0.02,m,0.08692,2.32785,2,28,28,10,10,18,18,0,0,0.16705,0.01151
nuscenes_mini_subset,scene-1094_023,tz,up,0.05,m,0.08775,5.81922,2,28,28,10,10,18,18,0,0,0.16323,0.00749
nuscenes_mini_subset,scene-1094_023,tz,up,0.1,m,0.08937,11.63704,2,28,28,10,10,18,18,0,0,0.16117,0.00776
nuscenes_mini_subset,scene-1094_023,tz,up,0.2,m,0.09669,23.26851,2,28,28,10,10,18,18,0,0,0.15623,0.00662
nuscenes_mini_subset,scene-1094_024,none,-,0.0,-,0.086,0.0,2,45,45,0,0,45,45,0,0,0.17609,0.00465
nuscenes_mini_subset,scene-1094_024,yaw,yaw,0.25,deg,0.08565,6.45982,2,45,45,0,0,45,45,0,0,0.15609,-0.00384
nuscenes_mini_subset,scene-1094_024,yaw,yaw,0.5,deg,0.08556,12.92351,2,43,45,0,0,43,45,0,0,0.15347,-0.0077
nuscenes_mini_subset,scene-1094_024,yaw,yaw,1.0,deg,0.0853,25.86392,2,38,45,0,0,38,45,0,0,0.14711,-0.0136
nuscenes_mini_subset,scene-1094_024,yaw,yaw,2.0,deg,0.08447,51.80732,2,22,45,0,0,22,45,0,0,0.16346,0.01753
nuscenes_mini_subset,scene-1094_024,yaw,yaw,3.0,deg,0.08429,77.85402,2,10,45,0,0,10,45,0,0,0.12905,-0.01376
nuscenes_mini_subset,scene-1094_024,pitch,roll,0.25,deg,0.08597,2.03925,2,45,45,0,0,45,45,0,0,0.17911,0.00331
nuscenes_mini_subset,scene-1094_024,pitch,roll,0.5,deg,0.08608,4.07848,2,45,45,0,0,45,45,0,0,0.18169,0.00281
nuscenes_mini_subset,scene-1094_024,pitch,roll,1.0,deg,0.08617,8.15682,2,45,45,0,0,45,45,0,0,0.19079,0.01108
nuscenes_mini_subset,scene-1094_024,pitch,roll,2.0,deg,0.08637,16.31274,2,45,45,0,0,45,45,0,0,0.18474,0.01361
nuscenes_mini_subset,scene-1094_024,pitch,roll,3.0,deg,0.08643,24.46714,2,44,45,0,0,44,45,0,0,0.17815,0.009
nuscenes_mini_subset,scene-1094_024,roll,pitch,0.25,deg,0.08712,5.95673,2,45,45,0,0,45,45,0,0,0.18862,0.0098
nuscenes_mini_subset,scene-1094_024,roll,pitch,0.5,deg,0.08796,11.90787,2,45,45,0,0,45,45,0,0,0.18673,0.01052
nuscenes_mini_subset,scene-1094_024,roll,pitch,1.0,deg,0.08882,23.79448,2,44,45,0,0,44,45,0,0,0.17522,0.00877
nuscenes_mini_subset,scene-1094_024,roll,pitch,2.0,deg,0.09312,47.5128,2,35,45,0,0,35,45,0,0,0.15725,0.00311
nuscenes_mini_subset,scene-1094_024,roll,pitch,3.0,deg,0.09681,71.17257,2,31,45,0,0,31,45,0,0,0.12596,0.00019
nuscenes_mini_subset,scene-1094_024,tx,lateral,0.02,m,0.086,2.34049,2,45,45,0,0,45,45,0,0,0.18168,0.00521
nuscenes_mini_subset,scene-1094_024,tx,lateral,0.05,m,0.08608,5.8513,2,44,45,0,0,44,45,0,0,0.1908,0.01101
nuscenes_mini_subset,scene-1094_024,tx,lateral,0.1,m,0.08608,11.70289,2,44,45,0,0,44,45,0,0,0.18947,0.01155
nuscenes_mini_subset,scene-1094_024,tx,lateral,0.2,m,0.08623,23.4069,2,40,45,0,0,40,45,0,0,0.18389,0.00897
nuscenes_mini_subset,scene-1094_024,ty,forward,0.02,m,0.08643,0.87455,2,45,45,0,0,45,45,0,0,0.17481,0.00187
nuscenes_mini_subset,scene-1094_024,ty,forward,0.05,m,0.08689,2.17739,2,45,45,0,0,45,45,0,0,0.1784,0.00489
nuscenes_mini_subset,scene-1094_024,ty,forward,0.1,m,0.0879,4.32518,2,45,45,0,0,45,45,0,0,0.17897,0.00265
nuscenes_mini_subset,scene-1094_024,ty,forward,0.2,m,0.09023,8.53473,2,44,45,0,0,44,45,0,0,0.1805,0.00495
nuscenes_mini_subset,scene-1094_024,tz,up,0.02,m,0.08689,2.34753,2,45,45,0,0,45,45,0,0,0.17678,0.00621
nuscenes_mini_subset,scene-1094_024,tz,up,0.05,m,0.08787,5.86841,2,45,45,0,0,45,45,0,0,0.17625,0.0044
nuscenes_mini_subset,scene-1094_024,tz,up,0.1,m,0.08879,11.73542,2,45,45,0,0,45,45,0,0,0.17751,0.00228
nuscenes_mini_subset,scene-1094_024,tz,up,0.2,m,0.09606,23.46522,2,45,45,0,0,45,45,0,0,0.18234,0.00904
nuscenes_mini_subset,scene-1094_025,none,-,0.0,-,0.0862,0.0,2,61,61,19,19,42,42,0,0,0.19313,0.00658
nuscenes_mini_subset,scene-1094_025,yaw,yaw,0.25,deg,0.08603,6.48739,2,59,61,19,19,40,42,0,0,0.17108,-0.00995
nuscenes_mini_subset,scene-1094_025,yaw,yaw,0.5,deg,0.08594,12.97767,2,58,61,19,19,39,42,0,0,0.16394,-0.00848
nuscenes_mini_subset,scene-1094_025,yaw,yaw,1.0,deg,0.08566,25.96843,2,54,61,18,19,36,42,0,0,0.18795,0.01046
nuscenes_mini_subset,scene-1094_025,yaw,yaw,2.0,deg,0.08514,52.0012,2,36,61,11,19,25,42,0,0,0.15618,-0.01505
nuscenes_mini_subset,scene-1094_025,yaw,yaw,3.0,deg,0.08419,78.12243,2,15,61,2,19,13,42,0,0,0.14193,-0.01511
nuscenes_mini_subset,scene-1094_025,pitch,roll,0.25,deg,0.08618,2.06044,2,61,61,19,19,42,42,0,0,0.18994,0.00338
nuscenes_mini_subset,scene-1094_025,pitch,roll,0.5,deg,0.08623,4.12085,2,61,61,19,19,42,42,0,0,0.18645,0.00047
nuscenes_mini_subset,scene-1094_025,pitch,roll,1.0,deg,0.08626,8.24157,2,61,61,19,19,42,42,0,0,0.19698,0.01387
nuscenes_mini_subset,scene-1094_025,pitch,roll,2.0,deg,0.08623,16.48229,2,56,61,19,19,37,42,0,0,0.18338,0.00209
nuscenes_mini_subset,scene-1094_025,pitch,roll,3.0,deg,0.08632,24.72152,2,51,61,17,19,34,42,0,0,0.18245,0.01332
nuscenes_mini_subset,scene-1094_025,roll,pitch,0.25,deg,0.08721,5.95728,2,61,61,19,19,42,42,0,0,0.20108,0.01976
nuscenes_mini_subset,scene-1094_025,roll,pitch,0.5,deg,0.08793,11.90914,2,61,61,19,19,42,42,0,0,0.20202,0.01861
nuscenes_mini_subset,scene-1094_025,roll,pitch,1.0,deg,0.08874,23.79776,2,54,61,19,19,35,42,0,0,0.18437,0.00935
nuscenes_mini_subset,scene-1094_025,roll,pitch,2.0,deg,0.09283,47.52231,2,43,61,17,19,26,42,0,0,0.14977,-0.00525
nuscenes_mini_subset,scene-1094_025,roll,pitch,3.0,deg,0.0964,71.19126,2,39,61,13,19,26,42,0,0,0.13706,0.00741
nuscenes_mini_subset,scene-1094_025,tx,lateral,0.02,m,0.08618,2.41132,2,61,61,19,19,42,42,0,0,0.19417,0.00436
nuscenes_mini_subset,scene-1094_025,tx,lateral,0.05,m,0.08629,6.02839,2,60,61,19,19,41,42,0,0,0.19604,0.00736
nuscenes_mini_subset,scene-1094_025,tx,lateral,0.1,m,0.08615,12.0571,2,60,61,19,19,41,42,0,0,0.20567,0.0198
nuscenes_mini_subset,scene-1094_025,tx,lateral,0.2,m,0.08615,24.11547,2,56,61,17,19,39,42,0,0,0.18412,0.00476
nuscenes_mini_subset,scene-1094_025,ty,forward,0.02,m,0.08655,0.91407,2,61,61,19,19,42,42,0,0,0.19527,0.00732
nuscenes_mini_subset,scene-1094_025,ty,forward,0.05,m,0.0871,2.27523,2,61,61,19,19,42,42,0,0,0.19503,0.00556
nuscenes_mini_subset,scene-1094_025,ty,forward,0.1,m,0.08816,4.51775,2,61,61,19,19,42,42,0,0,0.19644,0.00719
nuscenes_mini_subset,scene-1094_025,ty,forward,0.2,m,0.09003,8.90788,2,61,61,19,19,42,42,0,0,0.18695,0.00015
nuscenes_mini_subset,scene-1094_025,tz,up,0.02,m,0.08707,2.4186,2,61,61,19,19,42,42,0,0,0.19331,0.00777
nuscenes_mini_subset,scene-1094_025,tz,up,0.05,m,0.08793,6.04603,2,61,61,19,19,42,42,0,0,0.19455,0.00967
nuscenes_mini_subset,scene-1094_025,tz,up,0.1,m,0.08882,12.09051,2,61,61,19,19,42,42,0,0,0.19722,0.00978
nuscenes_mini_subset,scene-1094_025,tz,up,0.2,m,0.09568,24.17481,2,61,61,19,19,42,42,0,0,0.2048,0.02708
nuscenes_mini_subset,scene-1094_026,none,-,0.0,-,0.08644,0.0,1,30,30,0,0,30,30,0,0,0.14277,0.01454
nuscenes_mini_subset,scene-1094_026,yaw,yaw,0.25,deg,0.08635,6.47422,1,30,30,0,0,30,30,0,0,0.1353,0.0042
nuscenes_mini_subset,scene-1094_026,yaw,yaw,0.5,deg,0.08633,12.95105,1,28,30,0,0,28,30,0,0,0.13412,0.00403
nuscenes_mini_subset,scene-1094_026,yaw,yaw,1.0,deg,0.0861,25.91401,1,27,30,0,0,27,30,0,0,0.13254,0.00059
nuscenes_mini_subset,scene-1094_026,yaw,yaw,2.0,deg,0.08552,51.88755,1,20,30,0,0,20,30,0,0,0.13001,0.00044
nuscenes_mini_subset,scene-1094_026,yaw,yaw,3.0,deg,0.08494,77.94457,1,11,30,0,0,11,30,0,0,0.12111,-0.00082
nuscenes_mini_subset,scene-1094_026,pitch,roll,0.25,deg,0.08641,2.04681,1,30,30,0,0,30,30,0,0,0.13698,0.0077
nuscenes_mini_subset,scene-1094_026,pitch,roll,0.5,deg,0.08644,4.0936,1,30,30,0,0,30,30,0,0,0.13626,0.00424
nuscenes_mini_subset,scene-1094_026,pitch,roll,1.0,deg,0.08647,8.18707,1,30,30,0,0,30,30,0,0,0.13527,0.00248
nuscenes_mini_subset,scene-1094_026,pitch,roll,2.0,deg,0.08656,16.37331,1,30,30,0,0,30,30,0,0,0.14266,0.0081
nuscenes_mini_subset,scene-1094_026,pitch,roll,3.0,deg,0.08682,24.55811,1,30,30,0,0,30,30,0,0,0.13814,0.00796
nuscenes_mini_subset,scene-1094_026,roll,pitch,0.25,deg,0.08745,5.95259,1,30,30,0,0,30,30,0,0,0.13571,0.00802
nuscenes_mini_subset,scene-1094_026,roll,pitch,0.5,deg,0.08817,11.89982,1,30,30,0,0,30,30,0,0,0.14021,0.01078
nuscenes_mini_subset,scene-1094_026,roll,pitch,1.0,deg,0.08906,23.77936,1,21,30,0,0,21,30,0,0,0.1206,-0.00477
nuscenes_mini_subset,scene-1094_026,roll,pitch,2.0,deg,0.09317,47.48646,1,10,30,0,0,10,30,0,0,0.11924,-0.00458
nuscenes_mini_subset,scene-1094_026,roll,pitch,3.0,deg,0.09669,71.13887,1,10,30,0,0,10,30,0,0,0.10908,0.00313
nuscenes_mini_subset,scene-1094_026,tx,lateral,0.02,m,0.08638,2.40939,1,30,30,0,0,30,30,0,0,0.13983,0.01171
nuscenes_mini_subset,scene-1094_026,tx,lateral,0.05,m,0.08656,6.02357,1,30,30,0,0,30,30,0,0,0.13584,0.00418
nuscenes_mini_subset,scene-1094_026,tx,lateral,0.1,m,0.0865,12.04742,1,30,30,0,0,30,30,0,0,0.1335,-0.00059
nuscenes_mini_subset,scene-1094_026,tx,lateral,0.2,m,0.08661,24.09598,1,28,30,0,0,28,30,0,0,0.13754,0.00389
nuscenes_mini_subset,scene-1094_026,ty,forward,0.02,m,0.08682,0.90612,1,30,30,0,0,30,30,0,0,0.14323,0.01595
nuscenes_mini_subset,scene-1094_026,ty,forward,0.05,m,0.08739,2.25565,1,30,30,0,0,30,30,0,0,0.14259,0.0149
nuscenes_mini_subset,scene-1094_026,ty,forward,0.1,m,0.08846,4.4795,1,30,30,0,0,30,30,0,0,0.14175,0.01294
nuscenes_mini_subset,scene-1094_026,ty,forward,0.2,m,0.0903,8.83489,1,30,30,0,0,30,30,0,0,0.14365,0.00917
nuscenes_mini_subset,scene-1094_026,tz,up,0.02,m,0.08736,2.41652,1,30,30,0,0,30,30,0,0,0.14488,0.01585
nuscenes_mini_subset,scene-1094_026,tz,up,0.05,m,0.08811,6.04083,1,30,30,0,0,30,30,0,0,0.14168,0.00965
nuscenes_mini_subset,scene-1094_026,tz,up,0.1,m,0.08917,12.08014,1,30,30,0,0,30,30,0,0,0.14074,0.00656
nuscenes_mini_subset,scene-1094_026,tz,up,0.2,m,0.09585,24.15418,1,30,30,0,0,30,30,0,0,0.13748,0.00533
nuscenes_mini_subset,scene-1094_027,none,-,0.0,-,0.08687,0.0,3,64,64,35,35,29,29,0,0,0.15009,-0.00606
nuscenes_mini_subset,scene-1094_027,yaw,yaw,0.25,deg,0.0867,6.47458,3,64,64,35,35,29,29,0,0,0.15557,0.00124
nuscenes_mini_subset,scene-1094_027,yaw,yaw,0.5,deg,0.08667,12.95124,3,62,64,35,35,27,29,0,0,0.14558,-0.01257
nuscenes_mini_subset,scene-1094_027,yaw,yaw,1.0,deg,0.08604,25.91233,3,58,64,33,35,25,29,0,0,0.14296,-0.0106
nuscenes_mini_subset,scene-1094_027,yaw,yaw,2.0,deg,0.08526,51.87597,3,36,64,19,35,17,29,0,0,0.1561,0.00554
nuscenes_mini_subset,scene-1094_027,yaw,yaw,3.0,deg,0.0848,77.91492,3,13,64,4,35,9,29,0,0,0.14309,-0.00378
nuscenes_mini_subset,scene-1094_027,pitch,roll,0.25,deg,0.08696,2.04734,3,64,64,35,35,29,29,0,0,0.16277,0.00511
nuscenes_mini_subset,scene-1094_027,pitch,roll,0.5,deg,0.08696,4.09465,3,64,64,35,35,29,29,0,0,0.16863,0.00879
nuscenes_mini_subset,scene-1094_027,pitch,roll,1.0,deg,0.08699,8.18919,3,62,64,33,35,29,29,0,0,0.17106,0.0157
nuscenes_mini_subset,scene-1094_027,pitch,roll,2.0,deg,0.08705,16.3776,3,62,64,33,35,29,29,0,0,0.16197,-0.00139
nuscenes_mini_subset,scene-1094_027,pitch,roll,3.0,deg,0.08716,24.56461,3,62,64,33,35,29,29,0,0,0.15203,-0.00342
nuscenes_mini_subset,scene-1094_027,roll,pitch,0.25,deg,0.08797,5.95708,3,62,64,33,35,29,29,0,0,0.17332,0.01682
nuscenes_mini_subset,scene-1094_027,roll,pitch,0.5,deg,0.08866,11.90919,3,62,64,33,35,29,29,0,0,0.15706,0.00557
nuscenes_mini_subset,scene-1094_027,roll,pitch,1.0,deg,0.08958,23.79964,3,54,64,33,35,21,29,0,0,0.13186,-0.01375
nuscenes_mini_subset,scene-1094_027,roll,pitch,2.0,deg,0.09363,47.53319,3,35,64,24,35,11,29,0,0,0.12815,-0.01167
nuscenes_mini_subset,scene-1094_027,roll,pitch,3.0,deg,0.09743,71.21831,3,30,64,19,35,11,29,0,0,0.13137,-0.0044
nuscenes_mini_subset,scene-1094_027,tx,lateral,0.02,m,0.0871,2.49206,3,64,64,35,35,29,29,0,0,0.15078,-0.00771
nuscenes_mini_subset,scene-1094_027,tx,lateral,0.05,m,0.08725,6.23026,3,64,64,35,35,29,29,0,0,0.1453,-0.01392
nuscenes_mini_subset,scene-1094_027,tx,lateral,0.1,m,0.08739,12.46085,3,62,64,33,35,29,29,0,0,0.1448,-0.01444
nuscenes_mini_subset,scene-1094_027,tx,lateral,0.2,m,0.08765,24.92304,3,56,64,29,35,27,29,0,0,0.15478,-0.00379
nuscenes_mini_subset,scene-1094_027,ty,forward,0.02,m,0.08748,0.9634,3,64,64,35,35,29,29,0,0,0.15126,-0.00583
nuscenes_mini_subset,scene-1094_027,ty,forward,0.05,m,0.08823,2.39755,3,64,64,35,35,29,29,0,0,0.15344,-0.00449
nuscenes_mini_subset,scene-1094_027,ty,forward,0.1,m,0.08923,4.7591,3,64,64,35,35,29,29,0,0,0.15448,-0.00675
nuscenes_mini_subset,scene-1094_027,ty,forward,0.2,m,0.0913,9.37786,3,64,64,35,35,29,29,0,0,0.16038,-0.00154
nuscenes_mini_subset,scene-1094_027,tz,up,0.02,m,0.08779,2.49873,3,64,64,35,35,29,29,0,0,0.162,0.00542
nuscenes_mini_subset,scene-1094_027,tz,up,0.05,m,0.0886,6.24636,3,64,64,35,35,29,29,0,0,0.16842,0.00977
nuscenes_mini_subset,scene-1094_027,tz,up,0.1,m,0.08949,12.49121,3,62,64,33,35,29,29,0,0,0.16719,0.00665
nuscenes_mini_subset,scene-1094_027,tz,up,0.2,m,0.0966,24.97636,3,62,64,33,35,29,29,0,0,0.16674,0.00566
nuscenes_mini_subset,scene-1094_028,none,-,0.0,-,0.08578,0.0,1,49,49,49,49,0,0,0,0,0.171,0.00944
nuscenes_mini_subset,scene-1094_028,yaw,yaw,0.25,deg,0.08564,6.46203,1,49,49,49,49,0,0,0,0,0.17141,0.01471
nuscenes_mini_subset,scene-1094_028,yaw,yaw,0.5,deg,0.08561,12.926,1,49,49,49,49,0,0,0,0,0.15409,0.00612
nuscenes_mini_subset,scene-1094_028,yaw,yaw,1.0,deg,0.08538,25.86123,1,46,49,46,49,0,0,0,0,0.17373,0.01801
nuscenes_mini_subset,scene-1094_028,yaw,yaw,2.0,deg,0.08492,51.7712,1,43,49,43,49,0,0,0,0,0.15342,-0.00067
nuscenes_mini_subset,scene-1094_028,yaw,yaw,3.0,deg,0.08503,77.75378,1,34,49,34,49,0,0,0,0,0.15393,0.00284
nuscenes_mini_subset,scene-1094_028,pitch,roll,0.25,deg,0.08581,2.07714,1,49,49,49,49,0,0,0,0,0.16452,0.00453
nuscenes_mini_subset,scene-1094_028,pitch,roll,0.5,deg,0.08587,4.15427,1,49,49,49,49,0,0,0,0,0.1659,0.00786
nuscenes_mini_subset,scene-1094_028,pitch,roll,1.0,deg,0.08589,8.30841,1,49,49,49,49,0,0,0,0,0.15209,-0.00382
nuscenes_mini_subset,scene-1094_028,pitch,roll,2.0,deg,0.08578,16.61603,1,49,49,49,49,0,0,0,0,0.14568,-0.00083
nuscenes_mini_subset,scene-1094_028,pitch,roll,3.0,deg,0.08584,24.92223,1,46,49,46,49,0,0,0,0,0.13792,-0.0054
nuscenes_mini_subset,scene-1094_028,roll,pitch,0.25,deg,0.08682,5.93794,1,49,49,49,49,0,0,0,0,0.15769,0.00852
nuscenes_mini_subset,scene-1094_028,roll,pitch,0.5,deg,0.08756,11.87076,1,49,49,49,49,0,0,0,0,0.13546,-0.007
nuscenes_mini_subset,scene-1094_028,roll,pitch,1.0,deg,0.08837,23.72217,1,46,49,46,49,0,0,0,0,0.11103,-0.02253
nuscenes_mini_subset,scene-1094_028,roll,pitch,2.0,deg,0.09251,47.37576,1,46,49,46,49,0,0,0,0,0.12495,0.00266
nuscenes_mini_subset,scene-1094_028,roll,pitch,3.0,deg,0.0962,70.97829,1,42,49,42,49,0,0,0,0,0.12484,0.00828
nuscenes_mini_subset,scene-1094_028,tx,lateral,0.02,m,0.08575,2.3205,1,49,49,49,49,0,0,0,0,0.17068,0.00843
nuscenes_mini_subset,scene-1094_028,tx,lateral,0.05,m,0.08581,5.80134,1,49,49,49,49,0,0,0,0,0.17171,0.01139
nuscenes_mini_subset,scene-1094_028,tx,lateral,0.1,m,0.08592,11.603,1,46,49,46,49,0,0,0,0,0.17306,0.01335
nuscenes_mini_subset,scene-1094_028,tx,lateral,0.2,m,0.08621,23.2073,1,37,49,37,49,0,0,0,0,0.17253,0.01428
nuscenes_mini_subset,scene-1094_028,ty,forward,0.02,m,0.08621,0.8858,1,49,49,49,49,0,0,0,0,0.17404,0.01272
nuscenes_mini_subset,scene-1094_028,ty,forward,0.05,m,0.08682,2.20497,1,49,49,49,49,0,0,0,0,0.17628,0.01527
nuscenes_mini_subset,scene-1094_028,ty,forward,0.1,m,0.08774,4.37863,1,49,49,49,49,0,0,0,0,0.18064,0.01986
nuscenes_mini_subset,scene-1094_028,ty,forward,0.2,m,0.0901,8.63512,1,49,49,49,49,0,0,0,0,0.18627,0.02404
nuscenes_mini_subset,scene-1094_028,tz,up,0.02,m,0.0867,2.32743,1,49,49,49,49,0,0,0,0,0.16645,0.00655
nuscenes_mini_subset,scene-1094_028,tz,up,0.05,m,0.08753,5.81814,1,49,49,49,49,0,0,0,0,0.17076,0.01331
nuscenes_mini_subset,scene-1094_028,tz,up,0.1,m,0.0884,11.63486,1,49,49,49,49,0,0,0,0,0.16962,0.01668
nuscenes_mini_subset,scene-1094_028,tz,up,0.2,m,0.09562,23.26405,1,46,49,46,49,0,0,0,0,0.14663,-0.00118
nuscenes_mini_subset,scene-1094_029,none,-,0.0,-,0.08779,0.0,2,38,38,19,19,19,19,0,0,0.14479,0.01459
nuscenes_mini_subset,scene-1094_029,yaw,yaw,0.25,deg,0.08767,6.44367,2,37,38,19,19,18,19,0,0,0.12623,0.00213
nuscenes_mini_subset,scene-1094_029,yaw,yaw,0.5,deg,0.08753,12.88991,2,37,38,19,19,18,19,0,0,0.12141,-0.0098
nuscenes_mini_subset,scene-1094_029,yaw,yaw,1.0,deg,0.08753,25.7915,2,33,38,17,19,16,19,0,0,0.12218,-0.00772
nuscenes_mini_subset,scene-1094_029,yaw,yaw,2.0,deg,0.08756,51.6415,2,16,38,5,19,11,19,0,0,0.12286,-0.00182
nuscenes_mini_subset,scene-1094_029,yaw,yaw,3.0,deg,0.08764,77.57367,2,3,38,0,19,3,19,0,0,0.12381,-0.00888
nuscenes_mini_subset,scene-1094_029,pitch,roll,0.25,deg,0.08785,2.05923,2,38,38,19,19,19,19,0,0,0.14461,0.0143
nuscenes_mini_subset,scene-1094_029,pitch,roll,0.5,deg,0.08793,4.11843,2,38,38,19,19,19,19,0,0,0.14373,0.01344
nuscenes_mini_subset,scene-1094_029,pitch,roll,1.0,deg,0.08793,8.23673,2,37,38,19,19,18,19,0,0,0.15291,0.02089
nuscenes_mini_subset,scene-1094_029,pitch,roll,2.0,deg,0.08805,16.47264,2,35,38,18,19,17,19,0,0,0.14314,0.00591
nuscenes_mini_subset,scene-1094_029,pitch,roll,3.0,deg,0.08816,24.70709,2,35,38,18,19,17,19,0,0,0.13752,-0.00688
nuscenes_mini_subset,scene-1094_029,roll,pitch,0.25,deg,0.08882,5.92496,2,38,38,19,19,19,19,0,0,0.15461,0.03043
nuscenes_mini_subset,scene-1094_029,roll,pitch,0.5,deg,0.08963,11.84481,2,38,38,19,19,19,19,0,0,0.14897,0.02678
nuscenes_mini_subset,scene-1094_029,roll,pitch,1.0,deg,0.09052,23.67032,2,37,38,18,19,19,19,0,0,0.11913,-0.00563
nuscenes_mini_subset,scene-1094_029,roll,pitch,2.0,deg,0.09473,47.27221,2,24,38,14,19,10,19,0,0,0.12075,0.00115
nuscenes_mini_subset,scene-1094_029,roll,pitch,3.0,deg,0.09839,70.82306,2,16,38,14,19,2,19,0,0,0.11992,0.00658
nuscenes_mini_subset,scene-1094_029,tx,lateral,0.02,m,0.08776,2.26572,2,38,38,19,19,19,19,0,0,0.14319,0.01349
nuscenes_mini_subset,scene-1094_029,tx,lateral,0.05,m,0.08787,5.66438,2,38,38,19,19,19,19,0,0,0.13821,0.00878
nuscenes_mini_subset,scene-1094_029,tx,lateral,0.1,m,0.08793,11.32904,2,38,38,19,19,19,19,0,0,0.13684,0.0057
nuscenes_mini_subset,scene-1094_029,tx,lateral,0.2,m,0.08793,22.65921,2,38,38,19,19,19,19,0,0,0.12225,-0.00226
nuscenes_mini_subset,scene-1094_029,ty,forward,0.02,m,0.08822,0.84354,2,38,38,19,19,19,19,0,0,0.14276,0.01275
nuscenes_mini_subset,scene-1094_029,ty,forward,0.05,m,0.08882,2.10032,2,38,38,19,19,19,19,0,0,0.14068,0.00933
nuscenes_mini_subset,scene-1094_029,ty,forward,0.1,m,0.08966,4.17254,2,38,38,19,19,19,19,0,0,0.14064,0.00853
nuscenes_mini_subset,scene-1094_029,ty,forward,0.2,m,0.09191,8.2353,2,38,38,19,19,19,19,0,0,0.13895,0.0055
nuscenes_mini_subset,scene-1094_029,tz,up,0.02,m,0.08868,2.27284,2,38,38,19,19,19,19,0,0,0.14434,0.01471
nuscenes_mini_subset,scene-1094_029,tz,up,0.05,m,0.08966,5.68168,2,38,38,19,19,19,19,0,0,0.14731,0.01663
nuscenes_mini_subset,scene-1094_029,tz,up,0.1,m,0.09058,11.36193,2,38,38,19,19,19,19,0,0,0.15456,0.025
nuscenes_mini_subset,scene-1094_029,tz,up,0.2,m,0.09781,22.71815,2,37,38,18,19,19,19,0,0,0.14159,0.01476
nuscenes_mini_subset,scene-1094_030,none,-,0.0,-,0.08914,0.0,2,74,74,42,42,0,0,32,32,0.10506,0.00075
nuscenes_mini_subset,scene-1094_030,yaw,yaw,0.25,deg,0.08917,6.44858,2,74,74,42,42,0,0,32,32,0.0981,-0.00562
nuscenes_mini_subset,scene-1094_030,yaw,yaw,0.5,deg,0.08914,12.899,2,74,74,42,42,0,0,32,32,0.10227,-0.00338
nuscenes_mini_subset,scene-1094_030,yaw,yaw,1.0,deg,0.08926,25.80684,2,69,74,39,42,0,0,30,32,0.10101,-0.00643
nuscenes_mini_subset,scene-1094_030,yaw,yaw,2.0,deg,0.08926,51.66084,2,41,74,19,42,0,0,22,32,0.10578,0.00536
nuscenes_mini_subset,scene-1094_030,yaw,yaw,3.0,deg,0.08914,77.58574,2,25,74,8,42,0,0,17,32,0.09755,-0.00704
nuscenes_mini_subset,scene-1094_030,pitch,roll,0.25,deg,0.08914,2.0806,2,74,74,42,42,0,0,32,32,0.10365,-0.00212
nuscenes_mini_subset,scene-1094_030,pitch,roll,0.5,deg,0.08926,4.16119,2,74,74,42,42,0,0,32,32,0.106,0.00158
nuscenes_mini_subset,scene-1094_030,pitch,roll,1.0,deg,0.08937,8.32227,2,74,74,42,42,0,0,32,32,0.10756,-0.00034
nuscenes_mini_subset,scene-1094_030,pitch,roll,2.0,deg,0.08934,16.64377,2,74,74,42,42,0,0,32,32,0.11945,0.00962
nuscenes_mini_subset,scene-1094_030,pitch,roll,3.0,deg,0.08934,24.96386,2,69,74,42,42,0,0,27,32,0.11524,0.00053
nuscenes_mini_subset,scene-1094_030,roll,pitch,0.25,deg,0.09024,5.90842,2,73,74,42,42,0,0,31,32,0.1073,0.00655
nuscenes_mini_subset,scene-1094_030,roll,pitch,0.5,deg,0.09096,11.81195,2,73,74,42,42,0,0,31,32,0.10178,0.0028
nuscenes_mini_subset,scene-1094_030,roll,pitch,1.0,deg,0.09188,23.60539,2,73,74,42,42,0,0,31,32,0.09181,-0.00239
nuscenes_mini_subset,scene-1094_030,roll,pitch,2.0,deg,0.096,47.14546,2,65,74,38,42,0,0,27,32,0.08119,-0.00204
nuscenes_mini_subset,scene-1094_030,roll,pitch,3.0,deg,0.0996,70.63752,2,59,74,38,42,0,0,21,32,0.07437,0.00593
nuscenes_mini_subset,scene-1094_030,tx,lateral,0.02,m,0.08911,2.22205,2,74,74,42,42,0,0,32,32,0.10811,0.00183
nuscenes_mini_subset,scene-1094_030,tx,lateral,0.05,m,0.08917,5.55518,2,74,74,42,42,0,0,32,32,0.10762,0.00049
nuscenes_mini_subset,scene-1094_030,tx,lateral,0.1,m,0.08914,11.11059,2,74,74,42,42,0,0,32,32,0.10929,0.00265
nuscenes_mini_subset,scene-1094_030,tx,lateral,0.2,m,0.08923,22.2221,2,73,74,41,42,0,0,32,32,0.09204,-0.01224
nuscenes_mini_subset,scene-1094_030,ty,forward,0.02,m,0.0896,0.84094,2,74,74,42,42,0,0,32,32,0.10514,0.00062
nuscenes_mini_subset,scene-1094_030,ty,forward,0.05,m,0.09021,2.094,2,74,74,42,42,0,0,32,32,0.1097,0.00437
nuscenes_mini_subset,scene-1094_030,ty,forward,0.1,m,0.09113,4.16055,2,74,74,42,42,0,0,32,32,0.11115,0.00476
nuscenes_mini_subset,scene-1094_030,ty,forward,0.2,m,0.09355,8.21381,2,74,74,42,42,0,0,32,32,0.10747,-0.00015
nuscenes_mini_subset,scene-1094_030,tz,up,0.02,m,0.09003,2.22855,2,74,74,42,42,0,0,32,32,0.10348,-0.00131
nuscenes_mini_subset,scene-1094_030,tz,up,0.05,m,0.09101,5.57097,2,74,74,42,42,0,0,32,32,0.11081,0.00638
nuscenes_mini_subset,scene-1094_030,tz,up,0.1,m,0.09191,11.1406,2,74,74,42,42,0,0,32,32,0.10711,0.00701
nuscenes_mini_subset,scene-1094_030,tz,up,0.2,m,0.09922,22.27588,2,73,74,42,42,0,0,31,32,0.09463,-0.00362
nuscenes_mini_subset,scene-1094_031,none,-,0.0,-,0.08886,0.0,1,47,47,0,0,0,0,47,47,0.10625,0.01144
nuscenes_mini_subset,scene-1094_031,yaw,yaw,0.25,deg,0.08892,6.4522,1,47,47,0,0,0,0,47,47,0.0973,-0.00015
nuscenes_mini_subset,scene-1094_031,yaw,yaw,0.5,deg,0.08889,12.90676,1,46,47,0,0,0,0,46,47,0.10707,0.00988
nuscenes_mini_subset,scene-1094_031,yaw,yaw,1.0,deg,0.08917,25.82439,1,44,47,0,0,0,0,44,47,0.09135,0.00135
nuscenes_mini_subset,scene-1094_031,yaw,yaw,2.0,deg,0.089,51.70411,1,35,47,0,0,0,0,35,47,0.09813,0.00507
nuscenes_mini_subset,scene-1094_031,yaw,yaw,3.0,deg,0.08874,77.66301,1,27,47,0,0,0,0,27,47,0.09042,-0.00268
nuscenes_mini_subset,scene-1094_031,pitch,roll,0.25,deg,0.08889,2.08612,1,47,47,0,0,0,0,47,47,0.10605,0.01067
nuscenes_mini_subset,scene-1094_031,pitch,roll,0.5,deg,0.08894,4.17221,1,47,47,0,0,0,0,47,47,0.10663,0.01125
nuscenes_mini_subset,scene-1094_031,pitch,roll,1.0,deg,0.08889,8.34431,1,47,47,0,0,0,0,47,47,0.10563,0.01229
nuscenes_mini_subset,scene-1094_031,pitch,roll,2.0,deg,0.08897,16.68781,1,44,47,0,0,0,0,44,47,0.10114,0.00674
nuscenes_mini_subset,scene-1094_031,pitch,roll,3.0,deg,0.08915,25.02986,1,44,47,0,0,0,0,44,47,0.10084,0.00287
nuscenes_mini_subset,scene-1094_031,roll,pitch,0.25,deg,0.08995,5.90414,1,47,47,0,0,0,0,47,47,0.11121,0.01564
nuscenes_mini_subset,scene-1094_031,roll,pitch,0.5,deg,0.09061,11.80332,1,47,47,0,0,0,0,47,47,0.1084,0.01602
nuscenes_mini_subset,scene-1094_031,roll,pitch,1.0,deg,0.09148,23.58795,1,47,47,0,0,0,0,47,47,0.08421,-0.00294
nuscenes_mini_subset,scene-1094_031,roll,pitch,2.0,deg,0.09553,47.1098,1,47,47,0,0,0,0,47,47,0.08468,0.01035
nuscenes_mini_subset,scene-1094_031,roll,pitch,3.0,deg,0.09893,70.58282,1,41,47,0,0,0,0,41,47,0.0576,-0.00605
nuscenes_mini_subset,scene-1094_031,tx,lateral,0.02,m,0.08877,2.19425,1,47,47,0,0,0,0,47,47,0.10558,0.01047
nuscenes_mini_subset,scene-1094_031,tx,lateral,0.05,m,0.08886,5.4857,1,47,47,0,0,0,0,47,47,0.10546,0.01082
nuscenes_mini_subset,scene-1094_031,tx,lateral,0.1,m,0.08877,10.97169,1,47,47,0,0,0,0,47,47,0.10574,0.00747
nuscenes_mini_subset,scene-1094_031,tx,lateral,0.2,m,0.08851,21.9445,1,47,47,0,0,0,0,47,47,0.09026,-0.00615
nuscenes_mini_subset,scene-1094_031,ty,forward,0.02,m,0.08929,0.83198,1,47,47,0,0,0,0,47,47,0.10529,0.00966
nuscenes_mini_subset,scene-1094_031,ty,forward,0.05,m,0.08981,2.07181,1,47,47,0,0,0,0,47,47,0.10662,0.01146
nuscenes_mini_subset,scene-1094_031,ty,forward,0.1,m,0.09073,4.11678,1,47,47,0,0,0,0,47,47,0.10627,0.01086
nuscenes_mini_subset,scene-1094_031,ty,forward,0.2,m,0.09257,8.12869,1,47,47,0,0,0,0,47,47,0.10822,0.00993
nuscenes_mini_subset,scene-1094_031,tz,up,0.02,m,0.08978,2.20063,1,47,47,0,0,0,0,47,47,0.10859,0.01209
nuscenes_mini_subset,scene-1094_031,tz,up,0.05,m,0.09061,5.5012,1,47,47,0,0,0,0,47,47,0.10751,0.01254
nuscenes_mini_subset,scene-1094_031,tz,up,0.1,m,0.09145,11.00112,1,47,47,0,0,0,0,47,47,0.10881,0.0139
nuscenes_mini_subset,scene-1094_031,tz,up,0.2,m,0.09847,21.99713,1,47,47,0,0,0,0,47,47,0.10283,0.00786
nuscenes_mini_subset,scene-1094_032,none,-,0.0,-,0.08622,0.0,1,108,108,0,0,108,108,0,0,0.11349,-0.00347
nuscenes_mini_subset,scene-1094_032,yaw,yaw,0.25,deg,0.0861,6.43925,1,108,108,0,0,108,108,0,0,0.11396,-0.00351
nuscenes_mini_subset,scene-1094_032,yaw,yaw,0.5,deg,0.08593,12.88144,1,108,108,0,0,108,108,0,0,0.10727,-0.00631
nuscenes_mini_subset,scene-1094_032,yaw,yaw,1.0,deg,0.08605,25.77607,1,104,108,0,0,104,108,0,0,0.11057,-0.00619
nuscenes_mini_subset,scene-1094_032,yaw,yaw,2.0,deg,0.08633,51.6167,1,95,108,0,0,95,108,0,0,0.1099,-0.00191
nuscenes_mini_subset,scene-1094_032,yaw,yaw,3.0,deg,0.08596,77.54557,1,87,108,0,0,87,108,0,0,0.11248,0.00414
nuscenes_mini_subset,scene-1094_032,pitch,roll,0.25,deg,0.08625,2.0759,1,108,108,0,0,108,108,0,0,0.12161,0.00475
nuscenes_mini_subset,scene-1094_032,pitch,roll,0.5,deg,0.0863,4.15178,1,108,108,0,0,108,108,0,0,0.12859,0.01177
nuscenes_mini_subset,scene-1094_032,pitch,roll,1.0,deg,0.08628,8.30343,1,108,108,0,0,108,108,0,0,0.13441,0.01909
nuscenes_mini_subset,scene-1094_032,pitch,roll,2.0,deg,0.08639,16.60601,1,108,108,0,0,108,108,0,0,0.12481,0.00647
nuscenes_mini_subset,scene-1094_032,pitch,roll,3.0,deg,0.08645,24.9071,1,108,108,0,0,108,108,0,0,0.10846,-0.01127
nuscenes_mini_subset,scene-1094_032,roll,pitch,0.25,deg,0.08731,5.90881,1,108,108,0,0,108,108,0,0,0.13055,0.01898
nuscenes_mini_subset,scene-1094_032,roll,pitch,0.5,deg,0.088,11.81225,1,108,108,0,0,108,108,0,0,0.11789,0.00409
nuscenes_mini_subset,scene-1094_032,roll,pitch,1.0,deg,0.08881,23.60409,1,106,108,0,0,106,108,0,0,0.09791,-0.01058
nuscenes_mini_subset,scene-1094_032,roll,pitch,2.0,deg,0.09283,47.13527,1,102,108,0,0,102,108,0,0,0.10825,0.01039
nuscenes_mini_subset,scene-1094_032,roll,pitch,3.0,deg,0.09628,70.61083,1,83,108,0,0,83,108,0,0,0.07267,-0.00518
nuscenes_mini_subset,scene-1094_032,tx,lateral,0.02,m,0.08625,2.29704,1,108,108,0,0,108,108,0,0,0.12119,0.00289
nuscenes_mini_subset,scene-1094_032,tx,lateral,0.05,m,0.0863,5.74269,1,108,108,0,0,108,108,0,0,0.12115,0.00167
nuscenes_mini_subset,scene-1094_032,tx,lateral,0.1,m,0.08628,11.48565,1,108,108,0,0,108,108,0,0,0.12705,0.01187
nuscenes_mini_subset,scene-1094_032,tx,lateral,0.2,m,0.08648,22.97239,1,108,108,0,0,108,108,0,0,0.11872,0.00516
nuscenes_mini_subset,scene-1094_032,ty,forward,0.02,m,0.08674,0.86853,1,108,108,0,0,108,108,0,0,0.11426,-0.00315
nuscenes_mini_subset,scene-1094_032,ty,forward,0.05,m,0.08725,2.16275,1,108,108,0,0,108,108,0,0,0.11642,-0.00225
nuscenes_mini_subset,scene-1094_032,ty,forward,0.1,m,0.08814,4.29723,1,108,108,0,0,108,108,0,0,0.11968,0.00023
nuscenes_mini_subset,scene-1094_032,ty,forward,0.2,m,0.0901,8.484,1,108,108,0,0,108,108,0,0,0.11817,0.0023
nuscenes_mini_subset,scene-1094_032,tz,up,0.02,m,0.08708,2.30417,1,108,108,0,0,108,108,0,0,0.11559,-0.00127
nuscenes_mini_subset,scene-1094_032,tz,up,0.05,m,0.08797,5.75999,1,108,108,0,0,108,108,0,0,0.11867,0.00283
nuscenes_mini_subset,scene-1094_032,tz,up,0.1,m,0.08878,11.51856,1,108,108,0,0,108,108,0,0,0.12859,0.01549
nuscenes_mini_subset,scene-1094_032,tz,up,0.2,m,0.09585,23.03141,1,108,108,0,0,108,108,0,0,0.12769,0.01682
nuscenes_mini_subset,scene-1094_033,none,-,0.0,-,0.08687,0.0,2,90,90,73,73,17,17,0,0,0.14183,0.00738
nuscenes_mini_subset,scene-1094_033,yaw,yaw,0.25,deg,0.08707,6.44472,2,90,90,73,73,17,17,0,0,0.1291,-0.0082
nuscenes_mini_subset,scene-1094_033,yaw,yaw,0.5,deg,0.08724,12.89203,2,90,90,73,73,17,17,0,0,0.12298,-0.00972
nuscenes_mini_subset,scene-1094_033,yaw,yaw,1.0,deg,0.08701,25.7959,2,83,90,70,73,13,17,0,0,0.13459,0.00157
nuscenes_mini_subset,scene-1094_033,yaw,yaw,2.0,deg,0.08713,51.65099,2,66,90,59,73,7,17,0,0,0.12722,-0.00564
nuscenes_mini_subset,scene-1094_033,yaw,yaw,3.0,deg,0.08713,77.58904,2,47,90,46,73,1,17,0,0,0.14012,0.00393
nuscenes_mini_subset,scene-1094_033,pitch,roll,0.25,deg,0.08695,2.09331,2,90,90,73,73,17,17,0,0,0.13599,0.00055
nuscenes_mini_subset,scene-1094_033,pitch,roll,0.5,deg,0.08701,4.1866,2,90,90,73,73,17,17,0,0,0.13725,0.00298
nuscenes_mini_subset,scene-1094_033,pitch,roll,1.0,deg,0.08724,8.37307,2,89,90,72,73,17,17,0,0,0.14302,0.00705
nuscenes_mini_subset,scene-1094_033,pitch,roll,2.0,deg,0.08724,16.74531,2,89,90,72,73,17,17,0,0,0.14564,0.00878
nuscenes_mini_subset,scene-1094_033,pitch,roll,3.0,deg,0.08715,25.11605,2,89,90,72,73,17,17,0,0,0.14832,0.01491
nuscenes_mini_subset,scene-1094_033,roll,pitch,0.25,deg,0.08787,5.89888,2,90,90,73,73,17,17,0,0,0.13913,0.0101
nuscenes_mini_subset,scene-1094_033,roll,pitch,0.5,deg,0.08871,11.79233,2,90,90,73,73,17,17,0,0,0.13462,0.00786
nuscenes_mini_subset,scene-1094_033,roll,pitch,1.0,deg,0.08966,23.56402,2,90,90,73,73,17,17,0,0,0.12256,-0.0015
nuscenes_mini_subset,scene-1094_033,roll,pitch,2.0,deg,0.09387,47.0542,2,80,90,72,73,8,17,0,0,0.11842,0.00635
nuscenes_mini_subset,scene-1094_033,roll,pitch,3.0,deg,0.09738,70.48774,2,72,90,72,73,0,17,0,0,0.08936,-0.00088
nuscenes_mini_subset,scene-1094_033,tx,lateral,0.02,m,0.08695,2.337,2,89,90,72,73,17,17,0,0,0.13978,0.0043
nuscenes_mini_subset,scene-1094_033,tx,lateral,0.05,m,0.08695,5.84259,2,89,90,72,73,17,17,0,0,0.13928,0.00341
nuscenes_mini_subset,scene-1094_033,tx,lateral,0.1,m,0.08698,11.68549,2,87,90,70,73,17,17,0,0,0.13613,0.00398
nuscenes_mini_subset,scene-1094_033,tx,lateral,0.2,m,0.0871,23.37218,2,86,90,69,73,17,17,0,0,0.1417,0.01107
nuscenes_mini_subset,scene-1094_033,ty,forward,0.02,m,0.08738,0.88092,2,90,90,73,73,17,17,0,0,0.14168,0.00698
nuscenes_mini_subset,scene-1094_033,ty,forward,0.05,m,0.08802,2.19365,2,90,90,73,73,17,17,0,0,0.13923,0.00313
nuscenes_mini_subset,scene-1094_033,ty,forward,0.1,m,0.089,4.35881,2,90,90,73,73,17,17,0,0,0.14141,0.00416
nuscenes_mini_subset,scene-1094_033,ty,forward,0.2,m,0.09153,8.60626,2,90,90,73,73,17,17,0,0,0.14463,0.0099
nuscenes_mini_subset,scene-1094_033,tz,up,0.02,m,0.08773,2.34435,2,90,90,73,73,17,17,0,0,0.14198,0.00745
nuscenes_mini_subset,scene-1094_033,tz,up,0.05,m,0.08862,5.86042,2,90,90,73,73,17,17,0,0,0.14054,0.00537
nuscenes_mini_subset,scene-1094_033,tz,up,0.1,m,0.08954,11.71936,2,90,90,73,73,17,17,0,0,0.13671,0.00579
nuscenes_mini_subset,scene-1094_033,tz,up,0.2,m,0.09715,23.43277,2,90,90,73,73,17,17,0,0,0.13519,0.00788
nuscenes_mini_subset,scene-1094_034,none,-,0.0,-,0.08226,0.0,1,13,13,13,13,0,0,0,0,0.1547,0.01711
nuscenes_mini_subset,scene-1094_034,yaw,yaw,0.25,deg,0.08206,6.46586,1,13,13,13,13,0,0,0,0,0.14891,0.01498
nuscenes_mini_subset,scene-1094_034,yaw,yaw,0.5,deg,0.08209,12.93475,1,13,13,13,13,0,0,0,0,0.13429,0.00307
nuscenes_mini_subset,scene-1094_034,yaw,yaw,1.0,deg,0.0824,25.88311,1,13,13,13,13,0,0,0,0,0.13111,0.00418
nuscenes_mini_subset,scene-1094_034,yaw,yaw,2.0,deg,0.08243,51.83263,1,7,13,7,13,0,0,0,0,0.10827,-0.00566
nuscenes_mini_subset,scene-1094_034,yaw,yaw,3.0,deg,0.08237,77.87263,1,1,13,1,13,0,0,0,0,0.10267,-0.01204
nuscenes_mini_subset,scene-1094_034,pitch,roll,0.25,deg,0.0822,2.117,1,13,13,13,13,0,0,0,0,0.15952,0.02334
nuscenes_mini_subset,scene-1094_034,pitch,roll,0.5,deg,0.08229,4.23397,1,8,13,8,13,0,0,0,0,0.14543,0.00887
nuscenes_mini_subset,scene-1094_034,pitch,roll,1.0,deg,0.08234,8.46781,1,8,13,8,13,0,0,0,0,0.14029,0.00196
nuscenes_mini_subset,scene-1094_034,pitch,roll,2.0,deg,0.08249,16.93477,1,8,13,8,13,0,0,0,0,0.15246,0.01886
nuscenes_mini_subset,scene-1094_034,pitch,roll,3.0,deg,0.08252,25.40023,1,8,13,8,13,0,0,0,0,0.13897,0.0023
nuscenes_mini_subset,scene-1094_034,roll,pitch,0.25,deg,0.08327,5.916,1,8,13,8,13,0,0,0,0,0.15273,0.02022
nuscenes_mini_subset,scene-1094_034,roll,pitch,0.5,deg,0.08393,11.82618,1,8,13,8,13,0,0,0,0,0.15006,0.01606
nuscenes_mini_subset,scene-1094_034,roll,pitch,1.0,deg,0.08482,23.63017,1,8,13,8,13,0,0,0,0,0.13999,-0.00246
nuscenes_mini_subset,scene-1094_034,roll,pitch,2.0,deg,0.08897,47.18036,1,6,13,6,13,0,0,0,0,0.14943,0.01705
nuscenes_mini_subset,scene-1094_034,roll,pitch,3.0,deg,0.0926,70.66792,1,6,13,6,13,0,0,0,0,0.10629,-0.00741
nuscenes_mini_subset,scene-1094_034,tx,lateral,0.02,m,0.08209,2.50768,1,13,13,13,13,0,0,0,0,0.15477,0.01805
nuscenes_mini_subset,scene-1094_034,tx,lateral,0.05,m,0.08217,6.26929,1,13,13,13,13,0,0,0,0,0.14961,0.01234
nuscenes_mini_subset,scene-1094_034,tx,lateral,0.1,m,0.08226,12.53885,1,13,13,13,13,0,0,0,0,0.15911,0.02365
nuscenes_mini_subset,scene-1094_034,tx,lateral,0.2,m,0.0824,25.07879,1,13,13,13,13,0,0,0,0,0.1696,0.02729
nuscenes_mini_subset,scene-1094_034,ty,forward,0.02,m,0.08263,0.96007,1,13,13,13,13,0,0,0,0,0.15417,0.01713
nuscenes_mini_subset,scene-1094_034,ty,forward,0.05,m,0.08315,2.3902,1,13,13,13,13,0,0,0,0,0.15106,0.01371
nuscenes_mini_subset,scene-1094_034,ty,forward,0.1,m,0.08416,4.74756,1,13,13,13,13,0,0,0,0,0.15103,0.01579
nuscenes_mini_subset,scene-1094_034,ty,forward,0.2,m,0.08638,9.36678,1,13,13,13,13,0,0,0,0,0.15408,0.02035
nuscenes_mini_subset,scene-1094_034,tz,up,0.02,m,0.08315,2.51457,1,13,13,13,13,0,0,0,0,0.1615,0.02445
nuscenes_mini_subset,scene-1094_034,tz,up,0.05,m,0.0841,6.28599,1,8,13,8,13,0,0,0,0,0.15583,0.02249
nuscenes_mini_subset,scene-1094_034,tz,up,0.1,m,0.08499,12.57055,1,8,13,8,13,0,0,0,0,0.16232,0.03099
nuscenes_mini_subset,scene-1094_034,tz,up,0.2,m,0.09219,25.13538,1,8,13,8,13,0,0,0,0,0.13916,0.00824
nuscenes_mini_subset,scene-1094_035,none,-,0.0,-,0.08122,0.0,0,0,0,0,0,0,0,0,0,0.1263,-0.00892
nuscenes_mini_subset,scene-1094_035,yaw,yaw,0.25,deg,0.08111,6.44677,0,0,0,0,0,0,0,0,0,0.12455,-0.00735
nuscenes_mini_subset,scene-1094_035,yaw,yaw,0.5,deg,0.08102,12.89642,0,0,0,0,0,0,0,0,0,0.12734,-0.00306
nuscenes_mini_subset,scene-1094_035,yaw,yaw,1.0,deg,0.08116,25.80584,0,0,0,0,0,0,0,0,0,0.11293,-0.01544
nuscenes_mini_subset,scene-1094_035,yaw,yaw,2.0,deg,0.08088,51.67554,0,0,0,0,0,0,0,0,0,0.12748,-0.00105
nuscenes_mini_subset,scene-1094_035,yaw,yaw,3.0,deg,0.08082,77.63293,0,0,0,0,0,0,0,0,0,0.13085,-0.00171
nuscenes_mini_subset,scene-1094_035,pitch,roll,0.25,deg,0.08125,2.09562,0,0,0,0,0,0,0,0,0,0.13131,-0.00492
nuscenes_mini_subset,scene-1094_035,pitch,roll,0.5,deg,0.08128,4.19122,0,0,0,0,0,0,0,0,0,0.13397,-0.003
nuscenes_mini_subset,scene-1094_035,pitch,roll,1.0,deg,0.08128,8.3823,0,0,0,0,0,0,0,0,0,0.16015,0.0204
nuscenes_mini_subset,scene-1094_035,pitch,roll,2.0,deg,0.08122,16.76374,0,0,0,0,0,0,0,0,0,0.15808,0.01678
nuscenes_mini_subset,scene-1094_035,pitch,roll,3.0,deg,0.08131,25.14367,0,0,0,0,0,0,0,0,0,0.13789,-0.00126
nuscenes_mini_subset,scene-1094_035,roll,pitch,0.25,deg,0.08226,5.90248,0,0,0,0,0,0,0,0,0,0.14231,0.00664
nuscenes_mini_subset,scene-1094_035,roll,pitch,0.5,deg,0.08301,11.79916,0,0,0,0,0,0,0,0,0,0.15264,0.01381
nuscenes_mini_subset,scene-1094_035,roll,pitch,1.0,deg,0.08381,23.57624,0,0,0,0,0,0,0,0,0,0.16247,0.01739
nuscenes_mini_subset,scene-1094_035,roll,pitch,2.0,deg,0.08773,47.07281,0,0,0,0,0,0,0,0,0,0.1576,0.01266
nuscenes_mini_subset,scene-1094_035,roll,pitch,3.0,deg,0.09113,70.50698,0,0,0,0,0,0,0,0,0,0.14351,0.01089
nuscenes_mini_subset,scene-1094_035,tx,lateral,0.02,m,0.08119,2.45509,0,0,0,0,0,0,0,0,0,0.12665,-0.00551
nuscenes_mini_subset,scene-1094_035,tx,lateral,0.05,m,0.08131,6.13783,0,0,0,0,0,0,0,0,0,0.13278,-0.00078
nuscenes_mini_subset,scene-1094_035,tx,lateral,0.1,m,0.08119,12.27603,0,0,0,0,0,0,0,0,0,0.13113,-0.00364
nuscenes_mini_subset,scene-1094_035,tx,lateral,0.2,m,0.08139,24.55353,0,0,0,0,0,0,0,0,0,0.11892,-0.00785
nuscenes_mini_subset,scene-1094_035,ty,forward,0.02,m,0.08168,0.93285,0,0,0,0,0,0,0,0,0,0.1271,-0.00643
nuscenes_mini_subset,scene-1094_035,ty,forward,0.05,m,0.0822,2.32209,0,0,0,0,0,0,0,0,0,0.13156,-0.00089
nuscenes_mini_subset,scene-1094_035,ty,forward,0.1,m,0.08315,4.61118,0,0,0,0,0,0,0,0,0,0.13019,-0.00228
nuscenes_mini_subset,scene-1094_035,ty,forward,0.2,m,0.08502,9.09361,0,0,0,0,0,0,0,0,0,0.1327,-0.00038
nuscenes_mini_subset,scene-1094_035,tz,up,0.02,m,0.08214,2.46287,0,0,0,0,0,0,0,0,0,0.13098,-0.00591
nuscenes_mini_subset,scene-1094_035,tz,up,0.05,m,0.08298,6.1567,0,0,0,0,0,0,0,0,0,0.13537,-0.0016
nuscenes_mini_subset,scene-1094_035,tz,up,0.1,m,0.08387,12.31182,0,0,0,0,0,0,0,0,0,0.13823,-0.00159
nuscenes_mini_subset,scene-1094_035,tz,up,0.2,m,0.09073,24.61733,0,0,0,0,0,0,0,0,0,0.15244,0.0082
nuscenes_mini_subset,scene-1094_036,none,-,0.0,-,0.07949,0.0,1,17,17,0,0,0,0,17,17,0.10924,0.00313
nuscenes_mini_subset,scene-1094_036,yaw,yaw,0.25,deg,0.07944,6.44572,1,17,17,0,0,0,0,17,17,0.10241,-0.00321
nuscenes_mini_subset,scene-1094_036,yaw,yaw,0.5,deg,0.07944,12.89428,1,17,17,0,0,0,0,17,17,0.1115,0.00648
nuscenes_mini_subset,scene-1094_036,yaw,yaw,1.0,deg,0.07946,25.80138,1,14,17,0,0,0,0,14,17,0.09044,-0.01605
nuscenes_mini_subset,scene-1094_036,yaw,yaw,2.0,deg,0.07912,51.66589,1,8,17,0,0,0,0,8,17,0.10451,-0.00406
nuscenes_mini_subset,scene-1094_036,yaw,yaw,3.0,deg,0.079,77.61741,1,2,17,0,0,0,0,2,17,0.11319,0.00286
nuscenes_mini_subset,scene-1094_036,pitch,roll,0.25,deg,0.07961,2.0961,1,17,17,0,0,0,0,17,17,0.11478,0.00749
nuscenes_mini_subset,scene-1094_036,pitch,roll,0.5,deg,0.07964,4.19218,1,17,17,0,0,0,0,17,17,0.12129,0.01376
nuscenes_mini_subset,scene-1094_036,pitch,roll,1.0,deg,0.07958,8.38422,1,17,17,0,0,0,0,17,17,0.11817,0.00941
nuscenes_mini_subset,scene-1094_036,pitch,roll,2.0,deg,0.07969,16.76757,1,17,17,0,0,0,0,17,17,0.09768,-0.00446
nuscenes_mini_subset,scene-1094_036,pitch,roll,3.0,deg,0.07967,25.14941,1,17,17,0,0,0,0,17,17,0.09487,-0.00133
nuscenes_mini_subset,scene-1094_036,roll,pitch,0.25,deg,0.08044,5.90084,1,17,17,0,0,0,0,17,17,0.11029,0.00785
nuscenes_mini_subset,scene-1094_036,roll,pitch,0.5,deg,0.08108,11.79579,1,17,17,0,0,0,0,17,17,0.10832,0.00695
nuscenes_mini_subset,scene-1094_036,roll,pitch,1.0,deg,0.08183,23.56913,1,17,17,0,0,0,0,17,17,0.08723,-0.01496
nuscenes_mini_subset,scene-1094_036,roll,pitch,2.0,deg,0.08603,47.05714,1,8,17,0,0,0,0,8,17,0.11539,0.00636
nuscenes_mini_subset,scene-1094_036,roll,pitch,3.0,deg,0.08937,70.48125,1,0,17,0,0,0,0,0,17,0.11477,0.00445
nuscenes_mini_subset,scene-1094_036,tx,lateral,0.02,m,0.07955,2.57653,1,17,17,0,0,0,0,17,17,0.10915,0.00232
nuscenes_mini_subset,scene-1094_036,tx,lateral,0.05,m,0.07964,6.44143,1,17,17,0,0,0,0,17,17,0.10917,0.00273
nuscenes_mini_subset,scene-1094_036,tx,lateral,0.1,m,0.07972,12.88321,1,17,17,0,0,0,0,17,17,0.10226,-0.00387
nuscenes_mini_subset,scene-1094_036,tx,lateral,0.2,m,0.07995,25.76783,1,17,17,0,0,0,0,17,17,0.11168,0.00118
nuscenes_mini_subset,scene-1094_036,ty,forward,0.02,m,0.07993,0.98729,1,17,17,0,0,0,0,17,17,0.1078,0.0012
nuscenes_mini_subset,scene-1094_036,ty,forward,0.05,m,0.08059,2.45723,1,17,17,0,0,0,0,17,17,0.10613,8e-05
nuscenes_mini_subset,scene-1094_036,ty,forward,0.1,m,0.08157,4.87835,1,17,17,0,0,0,0,17,17,0.10599,0.00068
nuscenes_mini_subset,scene-1094_036,ty,forward,0.2,m,0.08404,9.61586,1,17,17,0,0,0,0,17,17,0.10411,-0.00143
nuscenes_mini_subset,scene-1094_036,tz,up,0.02,m,0.08036,2.58482,1,17,17,0,0,0,0,17,17,0.11172,0.00752
nuscenes_mini_subset,scene-1094_036,tz,up,0.05,m,0.08113,6.4615,1,17,17,0,0,0,0,17,17,0.11532,0.01333
nuscenes_mini_subset,scene-1094_036,tz,up,0.1,m,0.08197,12.92122,1,17,17,0,0,0,0,17,17,0.11762,0.01544
nuscenes_mini_subset,scene-1094_036,tz,up,0.2,m,0.08952,25.83526,1,17,17,0,0,0,0,17,17,0.10453,-0.0006
nuscenes_mini_subset,scene-1094_037,none,-,0.0,-,0.07812,0.0,0,0,0,0,0,0,0,0,0,0.1253,0.00708
nuscenes_mini_subset,scene-1094_037,yaw,yaw,0.25,deg,0.07798,6.41375,0,0,0,0,0,0,0,0,0,0.123,0.00939
nuscenes_mini_subset,scene-1094_037,yaw,yaw,0.5,deg,0.07807,12.83025,0,0,0,0,0,0,0,0,0,0.11883,0.00466
nuscenes_mini_subset,scene-1094_037,yaw,yaw,1.0,deg,0.07795,25.67295,0,0,0,0,0,0,0,0,0,0.10911,-0.00024
nuscenes_mini_subset,scene-1094_037,yaw,yaw,2.0,deg,0.07781,51.40739,0,0,0,0,0,0,0,0,0,0.1014,-0.0089
nuscenes_mini_subset,scene-1094_037,yaw,yaw,3.0,deg,0.07769,77.2268,0,0,0,0,0,0,0,0,0,0.10446,-0.01275
nuscenes_mini_subset,scene-1094_037,pitch,roll,0.25,deg,0.07812,2.06683,0,0,0,0,0,0,0,0,0,0.12645,0.00924
nuscenes_mini_subset,scene-1094_037,pitch,roll,0.5,deg,0.07818,4.13364,0,0,0,0,0,0,0,0,0,0.14384,0.026
nuscenes_mini_subset,scene-1094_037,pitch,roll,1.0,deg,0.07824,8.26714,0,0,0,0,0,0,0,0,0,0.14761,0.0241
nuscenes_mini_subset,scene-1094_037,pitch,roll,2.0,deg,0.0783,16.53342,0,0,0,0,0,0,0,0,0,0.13088,0.00655
nuscenes_mini_subset,scene-1094_037,pitch,roll,3.0,deg,0.07841,24.79819,0,0,0,0,0,0,0,0,0,0.11119,-0.01527
nuscenes_mini_subset,scene-1094_037,roll,pitch,0.25,deg,0.07916,5.89503,0,0,0,0,0,0,0,0,0,0.13449,0.01522
nuscenes_mini_subset,scene-1094_037,roll,pitch,0.5,deg,0.07979,11.78371,0,0,0,0,0,0,0,0,0,0.12605,0.00661
nuscenes_mini_subset,scene-1094_037,roll,pitch,1.0,deg,0.08063,23.54311,0,0,0,0,0,0,0,0,0,0.10086,-0.01106
nuscenes_mini_subset,scene-1094_037,roll,pitch,2.0,deg,0.08466,46.99767,0,0,0,0,0,0,0,0,0,0.14173,0.02217
nuscenes_mini_subset,scene-1094_037,roll,pitch,3.0,deg,0.08794,70.38084,0,0,0,0,0,0,0,0,0,0.09743,-0.00321
nuscenes_mini_subset,scene-1094_037,tx,lateral,0.02,m,0.07798,2.46142,0,0,0,0,0,0,0,0,0,0.12263,0.00396
nuscenes_mini_subset,scene-1094_037,tx,lateral,0.05,m,0.07812,6.15364,0,0,0,0,0,0,0,0,0,0.13045,0.00927
nuscenes_mini_subset,scene-1094_037,tx,lateral,0.1,m,0.07815,12.30759,0,0,0,0,0,0,0,0,0,0.13927,0.0136
nuscenes_mini_subset,scene-1094_037,tx,lateral,0.2,m,0.07818,24.61646,0,0,0,0,0,0,0,0,0,0.1394,0.01922
nuscenes_mini_subset,scene-1094_037,ty,forward,0.02,m,0.07847,0.92635,0,0,0,0,0,0,0,0,0,0.12533,0.00647
nuscenes_mini_subset,scene-1094_037,ty,forward,0.05,m,0.07907,2.30604,0,0,0,0,0,0,0,0,0,0.12523,0.00526
nuscenes_mini_subset,scene-1094_037,ty,forward,0.1,m,0.08005,4.5797,0,0,0,0,0,0,0,0,0,0.13245,0.01127
nuscenes_mini_subset,scene-1094_037,ty,forward,0.2,m,0.0821,9.03299,0,0,0,0,0,0,0,0,0,0.13322,0.01145
nuscenes_mini_subset,scene-1094_037,tz,up,0.02,m,0.07896,2.46974,0,0,0,0,0,0,0,0,0,0.12534,0.00771
nuscenes_mini_subset,scene-1094_037,tz,up,0.05,m,0.07979,6.17385,0,0,0,0,0,0,0,0,0,0.12999,0.01242
nuscenes_mini_subset,scene-1094_037,tz,up,0.1,m,0.08066,12.34605,0,0,0,0,0,0,0,0,0,0.13749,0.01913
nuscenes_mini_subset,scene-1094_037,tz,up,0.2,m,0.08776,24.6855,0,0,0,0,0,0,0,0,0,0.10645,-0.0103
nuscenes_mini_subset,scene-1094_038,none,-,0.0,-,0.07565,0.0,2,60,60,0,0,60,60,0,0,0.1447,0.0204
nuscenes_mini_subset,scene-1094_038,yaw,yaw,0.25,deg,0.07556,6.40695,2,59,60,0,0,59,60,0,0,0.11404,-0.00658
nuscenes_mini_subset,scene-1094_038,yaw,yaw,0.5,deg,0.07553,12.81647,2,57,60,0,0,57,60,0,0,0.10484,-0.00675
nuscenes_mini_subset,scene-1094_038,yaw,yaw,1.0,deg,0.07567,25.64468,2,55,60,0,0,55,60,0,0,0.10304,-0.01323
nuscenes_mini_subset,scene-1094_038,yaw,yaw,2.0,deg,0.07556,51.34792,2,46,60,0,0,46,60,0,0,0.10211,-0.00139
nuscenes_mini_subset,scene-1094_038,yaw,yaw,3.0,deg,0.07553,77.13308,2,32,60,0,0,32,60,0,0,0.10312,-0.00458
nuscenes_mini_subset,scene-1094_038,pitch,roll,0.25,deg,0.07562,2.04494,2,60,60,0,0,60,60,0,0,0.14234,0.01595
nuscenes_mini_subset,scene-1094_038,pitch,roll,0.5,deg,0.07556,4.08986,2,60,60,0,0,60,60,0,0,0.15307,0.02325
nuscenes_mini_subset,scene-1094_038,pitch,roll,1.0,deg,0.07562,8.1796,2,60,60,0,0,60,60,0,0,0.15399,0.02022
nuscenes_mini_subset,scene-1094_038,pitch,roll,2.0,deg,0.07553,16.35835,2,60,60,0,0,60,60,0,0,0.16034,0.0218
nuscenes_mini_subset,scene-1094_038,pitch,roll,3.0,deg,0.07556,24.53564,2,47,60,0,0,47,60,0,0,0.15723,0.01055
nuscenes_mini_subset,scene-1094_038,roll,pitch,0.25,deg,0.07668,5.90908,2,60,60,0,0,60,60,0,0,0.13969,0.01388
nuscenes_mini_subset,scene-1094_038,roll,pitch,0.5,deg,0.07729,11.81144,2,60,60,0,0,60,60,0,0,0.14387,0.01607
nuscenes_mini_subset,scene-1094_038,roll,pitch,1.0,deg,0.07792,23.59709,2,60,60,0,0,60,60,0,0,0.12039,0.00039
nuscenes_mini_subset,scene-1094_038,roll,pitch,2.0,deg,0.08196,47.09968,2,49,60,0,0,49,60,0,0,0.12288,-0.00012
nuscenes_mini_subset,scene-1094_038,roll,pitch,3.0,deg,0.08527,70.52503,2,36,60,0,0,36,60,0,0,0.12551,0.00536
nuscenes_mini_subset,scene-1094_038,tx,lateral,0.02,m,0.0755,2.58609,2,60,60,0,0,60,60,0,0,0.14946,0.02521
nuscenes_mini_subset,scene-1094_038,tx,lateral,0.05,m,0.0755,6.46534,2,60,60,0,0,60,60,0,0,0.15051,0.02654
nuscenes_mini_subset,scene-1094_038,tx,lateral,0.1,m,0.07539,12.93104,2,60,60,0,0,60,60,0,0,0.15041,0.02439
nuscenes_mini_subset,scene-1094_038,tx,lateral,0.2,m,0.0755,25.86354,2,60,60,0,0,60,60,0,0,0.14982,0.02853
nuscenes_mini_subset,scene-1094_038,ty,forward,0.02,m,0.07599,0.97009,2,60,60,0,0,60,60,0,0,0.14463,0.021
nuscenes_mini_subset,scene-1094_038,ty,forward,0.05,m,0.07657,2.41453,2,60,60,0,0,60,60,0,0,0.14418,0.02077
nuscenes_mini_subset,scene-1094_038,ty,forward,0.1,m,0.0774,4.79392,2,60,60,0,0,60,60,0,0,0.14674,0.02323
nuscenes_mini_subset,scene-1094_038,ty,forward,0.2,m,0.07945,9.45071,2,60,60,0,0,60,60,0,0,0.15154,0.02665
nuscenes_mini_subset,scene-1094_038,tz,up,0.02,m,0.0766,2.59416,2,60,60,0,0,60,60,0,0,0.14318,0.01943
nuscenes_mini_subset,scene-1094_038,tz,up,0.05,m,0.07735,6.48491,2,60,60,0,0,60,60,0,0,0.1443,0.02121
nuscenes_mini_subset,scene-1094_038,tz,up,0.1,m,0.07812,12.9682,2,60,60,0,0,60,60,0,0,0.14597,0.01946
nuscenes_mini_subset,scene-1094_038,tz,up,0.2,m,0.08513,25.92995,2,60,60,0,0,60,60,0,0,0.14372,0.00927
nuscenes_mini_subset,scene-1094_039,none,-,0.0,-,0.07609,0.0,2,21,21,0,0,21,21,0,0,0.17128,0.01776
nuscenes_mini_subset,scene-1094_039,yaw,yaw,0.25,deg,0.07601,6.39913,2,21,21,0,0,21,21,0,0,0.15081,0.00451
nuscenes_mini_subset,scene-1094_039,yaw,yaw,0.5,deg,0.07607,12.79999,2,20,21,0,0,20,21,0,0,0.14735,0.00212
nuscenes_mini_subset,scene-1094_039,yaw,yaw,1.0,deg,0.07618,25.60834,2,15,21,0,0,15,21,0,0,0.14567,0.00027
nuscenes_mini_subset,scene-1094_039,yaw,yaw,2.0,deg,0.07618,51.2617,2,5,21,0,0,5,21,0,0,0.15013,-0.0044
nuscenes_mini_subset,scene-1094_039,yaw,yaw,3.0,deg,0.07618,76.9833,2,2,21,0,0,2,21,0,0,0.15845,0.0103
nuscenes_mini_subset,scene-1094_039,pitch,roll,0.25,deg,0.07615,2.03457,2,21,21,0,0,21,21,0,0,0.16875,0.01606
nuscenes_mini_subset,scene-1094_039,pitch,roll,0.5,deg,0.07624,4.06911,2,21,21,0,0,21,21,0,0,0.16759,0.01364
nuscenes_mini_subset,scene-1094_039,pitch,roll,1.0,deg,0.07618,8.13811,2,21,21,0,0,21,21,0,0,0.1657,0.01304
nuscenes_mini_subset,scene-1094_039,pitch,roll,2.0,deg,0.0763,16.27543,2,21,21,0,0,21,21,0,0,0.17062,0.02192
nuscenes_mini_subset,scene-1094_039,pitch,roll,3.0,deg,0.07635,24.41134,2,21,21,0,0,21,21,0,0,0.14765,-0.00026
nuscenes_mini_subset,scene-1094_039,roll,pitch,0.25,deg,0.07702,5.903,2,21,21,0,0,21,21,0,0,0.1574,0.00813
nuscenes_mini_subset,scene-1094_039,roll,pitch,0.5,deg,0.07768,11.79956,2,21,21,0,0,21,21,0,0,0.14241,-0.00238
nuscenes_mini_subset,scene-1094_039,roll,pitch,1.0,deg,0.07846,23.57443,2,21,21,0,0,21,21,0,0,0.12774,-0.0108
nuscenes_mini_subset,scene-1094_039,roll,pitch,2.0,deg,0.082,47.05882,2,16,21,0,0,16,21,0,0,0.12527,0.00345
nuscenes_mini_subset,scene-1094_039,roll,pitch,3.0,deg,0.08508,70.47036,2,4,21,0,0,4,21,0,0,0.08408,-0.01216
nuscenes_mini_subset,scene-1094_039,tx,lateral,0.02,m,0.07598,2.59075,2,21,21,0,0,21,21,0,0,0.17636,0.01959
nuscenes_mini_subset,scene-1094_039,tx,lateral,0.05,m,0.07627,6.47698,2,21,21,0,0,21,21,0,0,0.17606,0.01838
nuscenes_mini_subset,scene-1094_039,tx,lateral,0.1,m,0.07641,12.95428,2,21,21,0,0,21,21,0,0,0.17347,0.01384
nuscenes_mini_subset,scene-1094_039,tx,lateral,0.2,m,0.07641,25.90986,2,19,21,0,0,19,21,0,0,0.16038,0.01088
nuscenes_mini_subset,scene-1094_039,ty,forward,0.02,m,0.07644,0.99055,2,21,21,0,0,21,21,0,0,0.16951,0.01653
nuscenes_mini_subset,scene-1094_039,ty,forward,0.05,m,0.07679,2.46511,2,21,21,0,0,21,21,0,0,0.16906,0.01565
nuscenes_mini_subset,scene-1094_039,ty,forward,0.1,m,0.07794,4.89321,2,21,21,0,0,21,21,0,0,0.17003,0.01636
nuscenes_mini_subset,scene-1094_039,ty,forward,0.2,m,0.08007,9.64206,2,21,21,0,0,21,21,0,0,0.17199,0.01671
nuscenes_mini_subset,scene-1094_039,tz,up,0.02,m,0.0769,2.59906,2,21,21,0,0,21,21,0,0,0.17249,0.01949
nuscenes_mini_subset,scene-1094_039,tz,up,0.05,m,0.07771,6.49711,2,21,21,0,0,21,21,0,0,0.1639,0.00898
nuscenes_mini_subset,scene-1094_039,tz,up,0.1,m,0.07857,12.99247,2,21,21,0,0,21,21,0,0,0.16624,0.01667
nuscenes_mini_subset,scene-1094_039,tz,up,0.2,m,0.08482,25.97792,2,21,21,0,0,21,21,0,0,0.15823,0.00717
